,,,,"Table of ratings for assessment conducted against the 2012 FATF Recommendations, using the 2013 FATF Methodology.",,,,,,,,,,,,,,,,,,,,,,,,,,,,,,,,,,,,,,,,,,,,,,,,,,,,,,,,,,,,,,,,,,,,,,,,,,,,,,,,,,,,,,,,,,,,,,,,,,,,,,,,,,,,,,,,,,,,,,,,,,,,,,,,,,,,,,,,,,,,,,,,,,,,,,,,,,,,,,,,,,,,,,,,,,,,,,,,,,,,,,,,,,,,,,,,,,,,,,,,,,,,,,,,,,,,,,,,,,,,,,,,,,,,,,,,,,,,,,,,,,,,,,,,,,
Updated 6 February 2020,,,,Effectiveness,,,,,,,,,,,Technical Compliance,,,,,,,,,,,,,,,,,,,,,,,,,,,,,,,,,,,,,,,,,,,,,,,,,,,,,,,,,,,,,,,,,,,,,,,,,,,,,,,,,,,,,,,,,,,,,,,,,,,,,,,,,,,,,,,,,,,,,,,,,,,,,,,,,,,,,,,,,,,,,,,,,,,,,,,,,,,,,,,,,,,,,,,,,,,,,,,,,,,,,,,,,,,,,,,,,,,,,,,,,,,,,,,,,,,,,,,,,,,,,,,,,,,,,,,,,,,,,,,
,,,,"Ratings that reflect the extent to which a country's measures are effective. The assessment is conducted on the basis of 11 immediate outcomes, which represent key goals that an effective AML/CFT system should achieve. For more information see: ",,,,,,,,,,,"Ratings which reflect the extent to which a country has implemented 
the technical requirements of the FATF Recommendations.
For more information see:",,,,,,,,,,,,,,,,,,,,,,,,,,,,,,,,,,,,,,,,,,,,,,,,,,,,,,,,,,,,,,,,,,,,,,,,,,,,,,,,,,,,,,,,,,,,,,,,,,,,,,,,,,,,,,,,,,,,,,,,,,,,,,,,,,,,,,,,,,,,,,,,,,,,,,,,,,,,,,,,,,,,,,,,,,,,,,,,,,,,,,,,,,,,,,,,,,,,,,,,,,,,,,,,,,,,,,,,,,,,,,,,,,,,,,,,,,,,,,,
,,,,FATF Methodology,,,,,,,,,,,FATF Methodology,,,,FATF Recommendations,,,,,,,,,,,,,,,,,,,,,,,,,,,,,,,,,,,,,,,,,,,,,,,,,,,,,,,,,,,,,,,,,,,,,,,,,,,,,,,,,,,,,,,,,,,,,,,,,,,,,,,,,,,,,,,,,,,,,,,,,,,,,,,,,,,,,,,,,,,,,,,,,,,,,,,,,,,,,,,,,,,,,,,,,,,,,,,,,,,,,,,,,,,,,,,,,,,,,,,,,,,,,,,,,,,,,,,,,,,,,,,,,,,,,,,,,,,
Jurisdiction (click on the country name to go to the report on www.fatf-gafi.org),"Report 
Type","Report 
Date",Assessment body/bodies ,IO1,IO2,IO3,IO4,IO5,IO6,IO7,IO8,IO9,IO10,IO11,R.1,R.2,R.3,R.4,R.5,R.6,R.7,R.8,R.9,R.10,R.11,R.12,R.13,R.14,R.15,R.16,R.17,R.18,R.19,R.20,R.21,R.22,R.23,R.24,R.25,R.26,R.27,R.28,R.29,R.30,R.31,R.32,R.33,R.34,R.35,R.36,R.37,R.38,R.39,R.40,#upgrades,#downgrades,Column1,Column2,Column3,Column4,,,,,,,,,,,,,,,,,,,,,,,,,,,,,,,,,,,,,,,,,,,,,,,,,,,,,,,,,,,,,,,,,,,,,,,,,,,,,,,,,,,,,,,,,,,,,,,,,,,,,,,,,,,,,,,,,,,,,,,,,,,,,,,,,,,,,,,,,,,,,,,,,,,,,,,,,,,,,,,,,,,,,,,,,,,,,,,,,,,,,,,,,,,,,,,,,,
Albania,MER+FUR,Dec/19,MONEYVAL,ME,ME,ME,SE,ME,SE,ME,ME,LE,ME,LE,LC,LC,LC,LC,LC,C,NC,LC,LC,LC,LC,LC,LC,C,LC,LC,N/A,LC,C,LC,C,LC,LC,PC,PC,PC,LC,PC,LC,C,LC,LC,LC,LC,LC,LC,LC,PC,LC,LC,,,,,,,,,,,,,,,,,,,,,,,,,,,,,,,,,,,,,,,,,,,,,,,,,,,,,,,,,,,,,,,,,,,,,,,,,,,,,,,,,,,,,,,,,,,,,,,,,,,,,,,,,,,,,,,,,,,,,,,,,,,,,,,,,,,,,,,,,,,,,,,,,,,,,,,,,,,,,,,,,,,,,,,,,,,,,,,,,,,,,,,,,,,,,,,,,,,,,,,,
Albania,MER,Dec/18,MONEYVAL,ME,ME,ME,SE,ME,SE,ME,ME,LE,ME,LE,LC,LC,LC,LC,LC,PC,NC,PC,LC,LC,LC,LC,LC,C,LC,LC,N/A,PC,PC,LC,LC,LC,LC,PC,PC,PC,LC,PC,LC,C,LC,LC,LC,LC,PC,LC,LC,PC,LC,LC,,,,,,,,,,,,,,,,,,,,,,,,,,,,,,,,,,,,,,,,,,,,,,,,,,,,,,,,,,,,,,,,,,,,,,,,,,,,,,,,,,,,,,,,,,,,,,,,,,,,,,,,,,,,,,,,,,,,,,,,,,,,,,,,,,,,,,,,,,,,,,,,,,,,,,,,,,,,,,,,,,,,,,,,,,,,,,,,,,,,,,,,,,,,,,,,,,,,,,,,
Albania,FUR1,Dec/19,MONEYVAL,ME,ME,ME,SE,ME,SE,ME,ME,LE,ME,LE,LC,LC,LC,LC,LC,C,NC,LC,LC,LC,LC,LC,LC,C,LC,LC,N/A,LC,C,LC,C,LC,LC,PC,PC,PC,LC,PC,LC,C,LC,LC,LC,LC,LC,LC,LC,PC,LC,LC,6,,,,,,,,,,,,,,,,,,,,,,,,,,,,,,,,,,,,,,,,,,,,,,,,,,,,,,,,,,,,,,,,,,,,,,,,,,,,,,,,,,,,,,,,,,,,,,,,,,,,,,,,,,,,,,,,,,,,,,,,,,,,,,,,,,,,,,,,,,,,,,,,,,,,,,,,,,,,,,,,,,,,,,,,,,,,,,,,,,,,,,,,,,,,,,,,,,,,,,,
Andorra,MER+FUR,Dec/18,MONEYVAL,SE,SE,ME,ME,ME,SE,ME,ME,SE,ME,ME,LC,C,LC,C,LC,LC,C,PC,LC,LC,C,LC,LC,LC,C,LC,LC,LC,C,C,C,LC,LC,LC,LC,LC,LC,LC,LC,C,PC,C,LC,LC,LC,PC,LC,LC,LC,LC,,,,,,,,,,,,,,,,,,,,,,,,,,,,,,,,,,,,,,,,,,,,,,,,,,,,,,,,,,,,,,,,,,,,,,,,,,,,,,,,,,,,,,,,,,,,,,,,,,,,,,,,,,,,,,,,,,,,,,,,,,,,,,,,,,,,,,,,,,,,,,,,,,,,,,,,,,,,,,,,,,,,,,,,,,,,,,,,,,,,,,,,,,,,,,,,,,,,,,,,
Andorra,MER,Sep/17,MONEYVAL,SE,SE,ME,ME,ME,SE,ME,ME,SE,ME,ME,LC,PC,PC,C,LC,LC,C,PC,LC,LC,LC,PC,LC,LC,PC,PC,LC,LC,C,LC,LC,PC,PC,LC,PC,PC,LC,PC,LC,C,PC,PC,LC,PC,LC,PC,LC,LC,LC,LC,,,,,,,,,,,,,,,,,,,,,,,,,,,,,,,,,,,,,,,,,,,,,,,,,,,,,,,,,,,,,,,,,,,,,,,,,,,,,,,,,,,,,,,,,,,,,,,,,,,,,,,,,,,,,,,,,,,,,,,,,,,,,,,,,,,,,,,,,,,,,,,,,,,,,,,,,,,,,,,,,,,,,,,,,,,,,,,,,,,,,,,,,,,,,,,,,,,,,,,,
Andorra,FUR1,Dec/18,MONEYVAL,SE,SE,ME,ME,ME,SE,ME,ME,SE,ME,ME,LC,C,LC,C,LC,LC,C,PC,LC,LC,C,LC,LC,LC,C,LC,LC,LC,C,C,C,LC,LC,LC,PC,PC,LC,PC,LC,C,PC,C,LC,LC,LC,PC,LC,LC,LC,LC,12,,,,,,,,,,,,,,,,,,,,,,,,,,,,,,,,,,,,,,,,,,,,,,,,,,,,,,,,,,,,,,,,,,,,,,,,,,,,,,,,,,,,,,,,,,,,,,,,,,,,,,,,,,,,,,,,,,,,,,,,,,,,,,,,,,,,,,,,,,,,,,,,,,,,,,,,,,,,,,,,,,,,,,,,,,,,,,,,,,,,,,,,,,,,,,,,,,,,,,,
Andorra,FUR2,Dec/19,MONEYVAL,SE,SE,ME,ME,ME,SE,ME,ME,SE,ME,ME,LC,C,LC,C,LC,LC,C,PC,LC,LC,C,LC,LC,LC,C,LC,LC,LC,C,C,C,LC,LC,LC,LC,LC,LC,LC,LC,C,PC,C,LC,LC,LC,PC,LC,LC,LC,LC,3,,,,,,,,,,,,,,,,,,,,,,,,,,,,,,,,,,,,,,,,,,,,,,,,,,,,,,,,,,,,,,,,,,,,,,,,,,,,,,,,,,,,,,,,,,,,,,,,,,,,,,,,,,,,,,,,,,,,,,,,,,,,,,,,,,,,,,,,,,,,,,,,,,,,,,,,,,,,,,,,,,,,,,,,,,,,,,,,,,,,,,,,,,,,,,,,,,,,,,,
Antigua & Barbuda,MER,Jul/18,CFATF,ME,ME,LE,ME,ME,ME,LE,ME,ME,LE,LE,LC,LC,LC,LC,C,PC,NC,NC,C,LC,LC,LC,C,LC,C,LC,C,C,C,C,LC,PC,LC,LC,LC,LC,LC,PC,LC,LC,LC,LC,LC,C,PC,LC,PC,LC,LC,PC,,,,,,,,,,,,,,,,,,,,,,,,,,,,,,,,,,,,,,,,,,,,,,,,,,,,,,,,,,,,,,,,,,,,,,,,,,,,,,,,,,,,,,,,,,,,,,,,,,,,,,,,,,,,,,,,,,,,,,,,,,,,,,,,,,,,,,,,,,,,,,,,,,,,,,,,,,,,,,,,,,,,,,,,,,,,,,,,,,,,,,,,,,,,,,,,,,,,,,,,
Armenia,MER+FUR,Jul/18,MONEYVAL,ME,SE,ME,SE,SE,ME,LE,LE,SE,SE,SE,LC,LC,LC,LC,LC,LC,LC,C,C,LC,C,PC,C,C,C,C,C,C,C,C,C,LC,C,LC,LC,LC,C,PC,C,LC,PC,C,C,C,LC,LC,LC,LC,LC,C,,,,,,,,,,,,,,,,,,,,,,,,,,,,,,,,,,,,,,,,,,,,,,,,,,,,,,,,,,,,,,,,,,,,,,,,,,,,,,,,,,,,,,,,,,,,,,,,,,,,,,,,,,,,,,,,,,,,,,,,,,,,,,,,,,,,,,,,,,,,,,,,,,,,,,,,,,,,,,,,,,,,,,,,,,,,,,,,,,,,,,,,,,,,,,,,,,,,,,,,
Armenia,MER,Jan/16,MONEYVAL,ME,SE,ME,SE,SE,ME,LE,LE,SE,SE,SE,PC,LC,LC,LC,LC,LC,PC,LC,C,LC,C,PC,C,C,C,C,C,C,C,C,C,LC,C,LC,LC,LC,C,PC,C,LC,PC,C,C,C,LC,LC,LC,LC,LC,C,,,,,,,,,,,,,,,,,,,,,,,,,,,,,,,,,,,,,,,,,,,,,,,,,,,,,,,,,,,,,,,,,,,,,,,,,,,,,,,,,,,,,,,,,,,,,,,,,,,,,,,,,,,,,,,,,,,,,,,,,,,,,,,,,,,,,,,,,,,,,,,,,,,,,,,,,,,,,,,,,,,,,,,,,,,,,,,,,,,,,,,,,,,,,,,,,,,,,,,,
Armenia,FUR1,Jul/18,MONEYVAL,ME,SE,ME,SE,SE,ME,LE,LE,SE,SE,SE,LC,LC,LC,LC,LC,LC,LC,C,C,LC,C,PC,C,C,C,C,C,C,C,C,C,LC,C,LC,LC,LC,C,PC,C,LC,PC,C,C,C,LC,LC,LC,LC,LC,C,3,,,,,,,,,,,,,,,,,,,,,,,,,,,,,,,,,,,,,,,,,,,,,,,,,,,,,,,,,,,,,,,,,,,,,,,,,,,,,,,,,,,,,,,,,,,,,,,,,,,,,,,,,,,,,,,,,,,,,,,,,,,,,,,,,,,,,,,,,,,,,,,,,,,,,,,,,,,,,,,,,,,,,,,,,,,,,,,,,,,,,,,,,,,,,,,,,,,,,,,
Australia,MER+FUR,Oct/18,FATF/APG,SE,HE,ME,ME,ME,SE,ME,ME,SE,ME,SE,PC,LC,C,C,C,C,C,LC,C,PC,LC,LC,NC,LC,C,PC,PC,PC,LC,C,C,NC,NC,PC,NC,PC,PC,NC,C,C,LC,C,LC,LC,PC,C,C,C,C,C,,,,,,,,,,,,,,,,,,,,,,,,,,,,,,,,,,,,,,,,,,,,,,,,,,,,,,,,,,,,,,,,,,,,,,,,,,,,,,,,,,,,,,,,,,,,,,,,,,,,,,,,,,,,,,,,,,,,,,,,,,,,,,,,,,,,,,,,,,,,,,,,,,,,,,,,,,,,,,,,,,,,,,,,,,,,,,,,,,,,,,,,,,,,,,,,,,,,,,,,
Australia,MER,Apr/15,FATF/APG,SE,HE,ME,ME,ME,SE,ME,ME,SE,ME,SE,PC,LC,C,C,LC,C,C,NC,C,PC,LC,LC,NC,LC,LC,PC,PC,PC,PC,C,C,NC,NC,PC,NC,PC,PC,NC,C,LC,LC,LC,LC,LC,PC,LC,C,C,C,C,,,,,,,,,,,,,,,,,,,,,,,,,,,,,,,,,,,,,,,,,,,,,,,,,,,,,,,,,,,,,,,,,,,,,,,,,,,,,,,,,,,,,,,,,,,,,,,,,,,,,,,,,,,,,,,,,,,,,,,,,,,,,,,,,,,,,,,,,,,,,,,,,,,,,,,,,,,,,,,,,,,,,,,,,,,,,,,,,,,,,,,,,,,,,,,,,,,,,,,,
Australia,FUR1,Oct/18,FATF/APG,SE,HE,ME,ME,ME,SE,ME,ME,SE,ME,SE,PC,LC,C,C,C,C,C,LC,C,PC,LC,LC,NC,LC,C,PC,PC,PC,LC,C,C,NC,NC,PC,NC,PC,PC,NC,C,C,LC,C,LC,LC,PC,C,C,C,C,C,7,,,,,,,,,,,,,,,,,,,,,,,,,,,,,,,,,,,,,,,,,,,,,,,,,,,,,,,,,,,,,,,,,,,,,,,,,,,,,,,,,,,,,,,,,,,,,,,,,,,,,,,,,,,,,,,,,,,,,,,,,,,,,,,,,,,,,,,,,,,,,,,,,,,,,,,,,,,,,,,,,,,,,,,,,,,,,,,,,,,,,,,,,,,,,,,,,,,,,,,
Austria,MER+FUR,Nov/18,FATF,ME,SE,ME,ME,ME,LE,LE,ME,SE,ME,SE,LC,LC,LC,C,C,PC,PC,PC,C,C,C,C,LC,C,C,C,LC,C,C,C,C,LC,LC,LC,LC,C,C,LC,LC,C,LC,LC,PC,LC,C,LC,LC,LC,C,LC,,,,,,,,,,,,,,,,,,,,,,,,,,,,,,,,,,,,,,,,,,,,,,,,,,,,,,,,,,,,,,,,,,,,,,,,,,,,,,,,,,,,,,,,,,,,,,,,,,,,,,,,,,,,,,,,,,,,,,,,,,,,,,,,,,,,,,,,,,,,,,,,,,,,,,,,,,,,,,,,,,,,,,,,,,,,,,,,,,,,,,,,,,,,,,,,,,,,,,,,
Austria,MER,Sep/16,FATF,ME,SE,ME,ME,ME,LE,LE,ME,SE,ME,SE,PC,PC,LC,C,C,PC,PC,PC,LC,LC,C,PC,LC,C,PC,PC,LC,PC,C,C,C,PC,LC,PC,PC,C,C,LC,PC,C,LC,LC,PC,LC,C,LC,LC,LC,C,LC,,,,,,,,,,,,,,,,,,,,,,,,,,,,,,,,,,,,,,,,,,,,,,,,,,,,,,,,,,,,,,,,,,,,,,,,,,,,,,,,,,,,,,,,,,,,,,,,,,,,,,,,,,,,,,,,,,,,,,,,,,,,,,,,,,,,,,,,,,,,,,,,,,,,,,,,,,,,,,,,,,,,,,,,,,,,,,,,,,,,,,,,,,,,,,,,,,,,,,,,
Austria,FUR1,Dec/17,FATF,ME,SE,ME,ME,ME,LE,LE,ME,SE,ME,SE,LC,LC,LC,C,C,PC,PC,PC,C,C,C,C,LC,C,C,C,LC,C,C,C,C,LC,LC,PC,PC,C,C,LC,LC,C,LC,LC,PC,LC,C,LC,LC,LC,C,LC,10,0,,,,,,,,,,,,,,,,,,,,,,,,,,,,,,,,,,,,,,,,,,,,,,,,,,,,,,,,,,,,,,,,,,,,,,,,,,,,,,,,,,,,,,,,,,,,,,,,,,,,,,,,,,,,,,,,,,,,,,,,,,,,,,,,,,,,,,,,,,,,,,,,,,,,,,,,,,,,,,,,,,,,,,,,,,,,,,,,,,,,,,,,,,,,,,,,,,,,,,
Austria,FUR2,Nov/18,FATF,ME,SE,ME,ME,ME,LE,LE,ME,SE,ME,SE,LC,LC,LC,,C,PC,PC,PC,C,C,C,C,LC,C,C,C,LC,C,C,C,C,LC,LC,LC,LC,C,C,LC,LC,C,LC,LC,PC,LC,C,LC,LC,LC,C,LC,2,,,,,,,,,,,,,,,,,,,,,,,,,,,,,,,,,,,,,,,,,,,,,,,,,,,,,,,,,,,,,,,,,,,,,,,,,,,,,,,,,,,,,,,,,,,,,,,,,,,,,,,,,,,,,,,,,,,,,,,,,,,,,,,,,,,,,,,,,,,,,,,,,,,,,,,,,,,,,,,,,,,,,,,,,,,,,,,,,,,,,,,,,,,,,,,,,,,,,,,
Bahamas,MER+FUR,Dec/18,CFATF,LE,ME,ME,ME,ME,ME,LE,LE,LE,LE,LE,LC,C,C,C,LC,PC,PC,PC,C,C,LC,C,C,C,LC,LC,C,LC,PC,C,C,PC,LC,PC,LC,PC,PC,PC,C,C,LC,LC,PC,LC,LC,LC,LC,LC,LC,LC,,,,,,,,,,,,,,,,,,,,,,,,,,,,,,,,,,,,,,,,,,,,,,,,,,,,,,,,,,,,,,,,,,,,,,,,,,,,,,,,,,,,,,,,,,,,,,,,,,,,,,,,,,,,,,,,,,,,,,,,,,,,,,,,,,,,,,,,,,,,,,,,,,,,,,,,,,,,,,,,,,,,,,,,,,,,,,,,,,,,,,,,,,,,,,,,,,,,,,,,
Bahamas,MER,Aug/17,CFATF,LE,ME,ME,ME,ME,ME,LE,LE,LE,LE,LE,PC,PC,C,C,LC,NC,PC,PC,C,PC,LC,PC,C,C,PC,LC,PC,PC,PC,C,C,PC,PC,PC,PC,PC,PC,PC,C,PC,LC,PC,PC,LC,PC,LC,LC,LC,LC,LC,,,,,,,,,,,,,,,,,,,,,,,,,,,,,,,,,,,,,,,,,,,,,,,,,,,,,,,,,,,,,,,,,,,,,,,,,,,,,,,,,,,,,,,,,,,,,,,,,,,,,,,,,,,,,,,,,,,,,,,,,,,,,,,,,,,,,,,,,,,,,,,,,,,,,,,,,,,,,,,,,,,,,,,,,,,,,,,,,,,,,,,,,,,,,,,,,,,,,,,,
Bahamas,FUR1,Dec/18,CFATF,LE,ME,ME,ME,ME,ME,LE,LE,LE,LE,LE,LC,C,C,C,LC,PC,PC,PC,C,C,LC,C,C,C,LC,LC,C,LC,PC,C,C,PC,LC,PC,LC,PC,PC,PC,C,C,LC,LC,PC,LC,LC,LC,LC,LC,LC,LC,13,,,,,,,,,,,,,,,,,,,,,,,,,,,,,,,,,,,,,,,,,,,,,,,,,,,,,,,,,,,,,,,,,,,,,,,,,,,,,,,,,,,,,,,,,,,,,,,,,,,,,,,,,,,,,,,,,,,,,,,,,,,,,,,,,,,,,,,,,,,,,,,,,,,,,,,,,,,,,,,,,,,,,,,,,,,,,,,,,,,,,,,,,,,,,,,,,,,,,,,
Bahrain,MER,Sep/18,FATF/MENAFATF,ME,SE,SE,ME,ME,SE,ME,ME,ME,ME,ME,PC,LC,LC,C,PC,PC,PC,LC,C,LC,C,LC,LC,LC,C,LC,C,LC,LC,LC,LC,PC,PC,LC,LC,LC,LC,LC,C,C,C,LC,LC,LC,LC,LC,LC,LC,LC,LC,,,,,,,,,,,,,,,,,,,,,,,,,,,,,,,,,,,,,,,,,,,,,,,,,,,,,,,,,,,,,,,,,,,,,,,,,,,,,,,,,,,,,,,,,,,,,,,,,,,,,,,,,,,,,,,,,,,,,,,,,,,,,,,,,,,,,,,,,,,,,,,,,,,,,,,,,,,,,,,,,,,,,,,,,,,,,,,,,,,,,,,,,,,,,,,,,,,,,,,,
Bangladesh,MER+FUR,Aug/19,APG,ME,SE,ME,LE,LE,ME,LE,LE,SE,ME,SE,PC,LC,LC,LC,LC,C,LC,LC,LC,LC,C,LC,LC,LC,C,C,LC,C,LC,C,C,LC,LC,PC,PC,LC,LC,PC,LC,C,LC,LC,PC,LC,PC,LC,LC,LC,LC,LC,,,,,,,,,,,,,,,,,,,,,,,,,,,,,,,,,,,,,,,,,,,,,,,,,,,,,,,,,,,,,,,,,,,,,,,,,,,,,,,,,,,,,,,,,,,,,,,,,,,,,,,,,,,,,,,,,,,,,,,,,,,,,,,,,,,,,,,,,,,,,,,,,,,,,,,,,,,,,,,,,,,,,,,,,,,,,,,,,,,,,,,,,,,,,,,,,,,,,,,,
Bangladesh,MER,Nov/16,APG,ME,SE,ME,LE,LE,ME,LE,LE,SE,ME,SE,PC,LC,LC,LC,LC,C,LC,LC,PC,LC,C,LC,LC,LC,C,PC,LC,PC,PC,C,C,LC,LC,PC,PC,PC,LC,PC,LC,C,LC,LC,PC,PC,PC,LC,LC,LC,LC,LC,,,,,,,,,,,,,,,,,,,,,,,,,,,,,,,,,,,,,,,,,,,,,,,,,,,,,,,,,,,,,,,,,,,,,,,,,,,,,,,,,,,,,,,,,,,,,,,,,,,,,,,,,,,,,,,,,,,,,,,,,,,,,,,,,,,,,,,,,,,,,,,,,,,,,,,,,,,,,,,,,,,,,,,,,,,,,,,,,,,,,,,,,,,,,,,,,,,,,,,,
Bangladesh,FUR1,Sep/18,APG,ME,SE,ME,LE,LE,ME,LE,LE,SE,ME,SE,PC,LC,LC,LC,LC,C,LC,LC,PC,LC,C,LC,LC,LC,C,PC,LC,PC,LC,C,C,LC,LC,PC,PC,PC,LC,PC,LC,C,LC,LC,PC,PC,PC,LC,LC,LC,LC,LC,1,,,,,,,,,,,,,,,,,,,,,,,,,,,,,,,,,,,,,,,,,,,,,,,,,,,,,,,,,,,,,,,,,,,,,,,,,,,,,,,,,,,,,,,,,,,,,,,,,,,,,,,,,,,,,,,,,,,,,,,,,,,,,,,,,,,,,,,,,,,,,,,,,,,,,,,,,,,,,,,,,,,,,,,,,,,,,,,,,,,,,,,,,,,,,,,,,,,,,,,
Bangladesh,FUR2,Aug/19,APG,ME,SE,ME,LE,LE,ME,LE,LE,SE,ME,SE,PC,LC,LC,LC,LC,C,LC,LC,LC,LC,C,LC,LC,LC,C,C,LC,C,LC,C,C,LC,LC,PC,PC,LC,LC,PC,LC,C,LC,LC,PC,LC,PC,LC,LC,LC,LC,LC,5,,,,,,,,,,,,,,,,,,,,,,,,,,,,,,,,,,,,,,,,,,,,,,,,,,,,,,,,,,,,,,,,,,,,,,,,,,,,,,,,,,,,,,,,,,,,,,,,,,,,,,,,,,,,,,,,,,,,,,,,,,,,,,,,,,,,,,,,,,,,,,,,,,,,,,,,,,,,,,,,,,,,,,,,,,,,,,,,,,,,,,,,,,,,,,,,,,,,,,,
Barbados,MER,Feb/18,CFATF,LE,ME,ME,ME,ME,LE,LE,LE,LE,LE,LE,PC,LC,LC,PC,LC,LC,NC,NC,C,LC,C,LC,LC,LC,C,LC,LC,LC,PC,PC,LC,LC,PC,PC,LC,C,C,LC,PC,LC,PC,PC,PC,PC,LC,PC,LC,PC,LC,LC,,,,,,,,,,,,,,,,,,,,,,,,,,,,,,,,,,,,,,,,,,,,,,,,,,,,,,,,,,,,,,,,,,,,,,,,,,,,,,,,,,,,,,,,,,,,,,,,,,,,,,,,,,,,,,,,,,,,,,,,,,,,,,,,,,,,,,,,,,,,,,,,,,,,,,,,,,,,,,,,,,,,,,,,,,,,,,,,,,,,,,,,,,,,,,,,,,,,,,,,
Belarus,MER,Dec/19,EAG,SE,SE,ME,ME,LE,SE,ME,ME,SE,ME,SE,LC,LC,C,C,C,LC,LC,PC,C,LC,LC,LC,LC,C,PC,LC,LC,LC,LC,C,C,LC,LC,LC,LC,LC,LC,PC,C,C,C,LC,LC,C,LC,C,LC,LC,LC,LC,,,,,,,,,,,,,,,,,,,,,,,,,,,,,,,,,,,,,,,,,,,,,,,,,,,,,,,,,,,,,,,,,,,,,,,,,,,,,,,,,,,,,,,,,,,,,,,,,,,,,,,,,,,,,,,,,,,,,,,,,,,,,,,,,,,,,,,,,,,,,,,,,,,,,,,,,,,,,,,,,,,,,,,,,,,,,,,,,,,,,,,,,,,,,,,,,,,,,,,,
Belgium,MER+FUR,Sep/18,FATF,SE,SE,ME,ME,ME,SE,ME,ME,SE,ME,ME,C,C,C,C,C,PC,PC,LC,C,C,C,C,PC,LC,LC,C,LC,LC,C,C,C,LC,LC,LC,LC,C,C,LC,C,C,C,C,LC,LC,C,C,LC,LC,LC,LC,,,,,,,,,,,,,,,,,,,,,,,,,,,,,,,,,,,,,,,,,,,,,,,,,,,,,,,,,,,,,,,,,,,,,,,,,,,,,,,,,,,,,,,,,,,,,,,,,,,,,,,,,,,,,,,,,,,,,,,,,,,,,,,,,,,,,,,,,,,,,,,,,,,,,,,,,,,,,,,,,,,,,,,,,,,,,,,,,,,,,,,,,,,,,,,,,,,,,,,,
Belgium,MER,Apr/15,FATF,SE,SE,ME,ME,ME,SE,ME,ME,SE,ME,ME,LC,LC,C,C,LC,PC,PC,PC,C,LC,C,PC,PC,LC,LC,PC,PC,PC,LC,C,C,LC,LC,LC,LC,PC,LC,PC,C,C,C,C,PC,LC,LC,C,LC,LC,LC,LC,,,,,,,,,,,,,,,,,,,,,,,,,,,,,,,,,,,,,,,,,,,,,,,,,,,,,,,,,,,,,,,,,,,,,,,,,,,,,,,,,,,,,,,,,,,,,,,,,,,,,,,,,,,,,,,,,,,,,,,,,,,,,,,,,,,,,,,,,,,,,,,,,,,,,,,,,,,,,,,,,,,,,,,,,,,,,,,,,,,,,,,,,,,,,,,,,,,,,,,,
Belgium,FUR1,Sep/18,FATF,SE,SE,ME,ME,ME,SE,ME,ME,SE,ME,ME,C,C,C,C,C,PC,PC,LC,C,C,C,C,PC,LC,LC,C,LC,LC,C,C,C,LC,LC,LC,LC,C,C,LC,C,C,C,C,LC,LC,C,C,LC,LC,LC,LC,15,,,,,,,,,,,,,,,,,,,,,,,,,,,,,,,,,,,,,,,,,,,,,,,,,,,,,,,,,,,,,,,,,,,,,,,,,,,,,,,,,,,,,,,,,,,,,,,,,,,,,,,,,,,,,,,,,,,,,,,,,,,,,,,,,,,,,,,,,,,,,,,,,,,,,,,,,,,,,,,,,,,,,,,,,,,,,,,,,,,,,,,,,,,,,,,,,,,,,,,
Bermuda,MER,Jan/20,CFATF,HE,SE,SE,ME,SE,SE,ME,LE,SE,SE,ME,C,C,C,LC,C,LC,LC,C,C,C,C,LC,C,C,C,C,C,C,C,C,C,C,C,LC,LC,LC,C,C,C,C,C,PC,C,LC,LC,C,LC,LC,C,C,,,,,,,,,,,,,,,,,,,,,,,,,,,,,,,,,,,,,,,,,,,,,,,,,,,,,,,,,,,,,,,,,,,,,,,,,,,,,,,,,,,,,,,,,,,,,,,,,,,,,,,,,,,,,,,,,,,,,,,,,,,,,,,,,,,,,,,,,,,,,,,,,,,,,,,,,,,,,,,,,,,,,,,,,,,,,,,,,,,,,,,,,,,,,,,,,,,,,,,,
Bhutan ,MER+FUR,Sep/18,APG,LE,ME,LE,LE,LE,LE,LE,LE,ME,LE,LE,LC,LC,PC,PC,LC,PC,PC,PC,C,C,C,C,C,LC,C,LC,LC,LC,LC,PC,LC,C,LC,PC,LC,PC,C,PC,LC,PC,PC,LC,PC,PC,LC,PC,NC,LC,LC,PC,,,,,,,,,,,,,,,,,,,,,,,,,,,,,,,,,,,,,,,,,,,,,,,,,,,,,,,,,,,,,,,,,,,,,,,,,,,,,,,,,,,,,,,,,,,,,,,,,,,,,,,,,,,,,,,,,,,,,,,,,,,,,,,,,,,,,,,,,,,,,,,,,,,,,,,,,,,,,,,,,,,,,,,,,,,,,,,,,,,,,,,,,,,,,,,,,,,,,,,,
Bhutan ,MER,Oct/16,APG,LE,ME,LE,LE,LE,LE,LE,LE,ME,LE,LE,NC,PC,PC,PC,NC,NC,NC,PC,LC,C,C,C,C,PC,C,LC,LC,LC,LC,PC,NC,C,PC,PC,LC,PC,C,NC,NC,PC,PC,PC,PC,PC,PC,PC,NC,NC,LC,PC,,,,,,,,,,,,,,,,,,,,,,,,,,,,,,,,,,,,,,,,,,,,,,,,,,,,,,,,,,,,,,,,,,,,,,,,,,,,,,,,,,,,,,,,,,,,,,,,,,,,,,,,,,,,,,,,,,,,,,,,,,,,,,,,,,,,,,,,,,,,,,,,,,,,,,,,,,,,,,,,,,,,,,,,,,,,,,,,,,,,,,,,,,,,,,,,,,,,,,,,
Bhutan ,FUR1,Sep/18,APG,LE,ME,LE,LE,LE,LE,LE,LE,ME,LE,LE,LC,LC,PC,PC,LC,PC,PC,PC,C,C,C,C,C,LC,C,LC,LC,LC,LC,PC,LC,C,LC,PC,LC,PC,C,PC,LC,PC,PC,LC,PC,PC,LC,PC,NC,LC,LC,PC,14,,,,,,,,,,,,,,,,,,,,,,,,,,,,,,,,,,,,,,,,,,,,,,,,,,,,,,,,,,,,,,,,,,,,,,,,,,,,,,,,,,,,,,,,,,,,,,,,,,,,,,,,,,,,,,,,,,,,,,,,,,,,,,,,,,,,,,,,,,,,,,,,,,,,,,,,,,,,,,,,,,,,,,,,,,,,,,,,,,,,,,,,,,,,,,,,,,,,,,,
Botswana,MER+FUR,Aug/19,ESAAMLG,LE,ME,LE,LE,LE,ME,LE,LE,LE,LE,LE,LC,PC,C,LC,C,PC,PC,NC,PC,PC,LC,LC,PC,NC,PC,PC,N/A,PC,NC,C,LC,NC,LC,PC,PC,PC,C,PC,LC,LC,LC,LC,PC,PC,PC,C,LC,C,LC,LC,,,,,,,,,,,,,,,,,,,,,,,,,,,,,,,,,,,,,,,,,,,,,,,,,,,,,,,,,,,,,,,,,,,,,,,,,,,,,,,,,,,,,,,,,,,,,,,,,,,,,,,,,,,,,,,,,,,,,,,,,,,,,,,,,,,,,,,,,,,,,,,,,,,,,,,,,,,,,,,,,,,,,,,,,,,,,,,,,,,,,,,,,,,,,,,,,,,,,,,,
Botswana,MER,May/17,ESAAMLG,LE,ME,LE,LE,LE,ME,LE,LE,LE,LE,LE,NC,PC,PC,PC,NC,NC,NC,NC,NC,NC,NC,NC,NC,NC,NC,NC,N/A,PC,NC,PC,NC,NC,PC,NC,NC,NC,LC,NC,NC,PC,PC,PC,NC,PC,NC,PC,LC,PC,PC,PC,,,,,,,,,,,,,,,,,,,,,,,,,,,,,,,,,,,,,,,,,,,,,,,,,,,,,,,,,,,,,,,,,,,,,,,,,,,,,,,,,,,,,,,,,,,,,,,,,,,,,,,,,,,,,,,,,,,,,,,,,,,,,,,,,,,,,,,,,,,,,,,,,,,,,,,,,,,,,,,,,,,,,,,,,,,,,,,,,,,,,,,,,,,,,,,,,,,,,,,,
Botswana,FUR1,Aug/19,ESAAMLG,LE,ME,LE,LE,LE,ME,LE,LE,LE,LE,LE,LC,PC,C,LC,C,PC,PC,NC,PC,PC,LC,LC,PC,NC,PC,PC,N/A,PC,NC,C,LC,NC,LC,PC,PC,PC,C,PC,LC,LC,LC,LC,PC,PC,PC,C,LC,C,LC,LC,31,,,,,,,,,,,,,,,,,,,,,,,,,,,,,,,,,,,,,,,,,,,,,,,,,,,,,,,,,,,,,,,,,,,,,,,,,,,,,,,,,,,,,,,,,,,,,,,,,,,,,,,,,,,,,,,,,,,,,,,,,,,,,,,,,,,,,,,,,,,,,,,,,,,,,,,,,,,,,,,,,,,,,,,,,,,,,,,,,,,,,,,,,,,,,,,,,,,,,,,
Burkina Faso,MER,May/19,GIABA,LE,ME,LE,LE,LE,ME,LE,LE,LE,LE,LE,LC,PC,C,LC,PC,PC,PC,PC,C,LC,LC,LC,LC,PC,C,LC,LC,LC,PC,LC,C,PC,LC,PC,PC,PC,C,NC,C,C,C,PC,LC,PC,LC,C,LC,LC,LC,LC,,,,,,,,,,,,,,,,,,,,,,,,,,,,,,,,,,,,,,,,,,,,,,,,,,,,,,,,,,,,,,,,,,,,,,,,,,,,,,,,,,,,,,,,,,,,,,,,,,,,,,,,,,,,,,,,,,,,,,,,,,,,,,,,,,,,,,,,,,,,,,,,,,,,,,,,,,,,,,,,,,,,,,,,,,,,,,,,,,,,,,,,,,,,,,,,,,,,,,,,
Cabo Verde,MER,May/19,GIABA,LE,LE,LE,LE,LE,LE,LE,LE,LE,LE,LE,PC,PC,C,C,LC,PC,LC,PC,C,PC,LC,LC,LC,LC,PC,PC,PC,PC,PC,PC,C,PC,LC,LC,LC,PC,PC,PC,LC,C,C,PC,C,LC,LC,LC,C,LC,C,LC,,,,,,,,,,,,,,,,,,,,,,,,,,,,,,,,,,,,,,,,,,,,,,,,,,,,,,,,,,,,,,,,,,,,,,,,,,,,,,,,,,,,,,,,,,,,,,,,,,,,,,,,,,,,,,,,,,,,,,,,,,,,,,,,,,,,,,,,,,,,,,,,,,,,,,,,,,,,,,,,,,,,,,,,,,,,,,,,,,,,,,,,,,,,,,,,,,,,,,,,
Cambodia,MER+FUR,Aug/19,APG,ME,ME,LE,LE,LE,LE,LE,LE,SE,ME,LE,PC,LC,LC,LC,LC,LC,NC,PC,C,LC,LC,PC,PC,LC,C,PC,LC,PC,LC,LC,LC,PC,LC,PC,PC,PC,LC,PC,LC,LC,LC,LC,PC,LC,PC,LC,PC,PC,LC,PC,,,,,,,,,,,,,,,,,,,,,,,,,,,,,,,,,,,,,,,,,,,,,,,,,,,,,,,,,,,,,,,,,,,,,,,,,,,,,,,,,,,,,,,,,,,,,,,,,,,,,,,,,,,,,,,,,,,,,,,,,,,,,,,,,,,,,,,,,,,,,,,,,,,,,,,,,,,,,,,,,,,,,,,,,,,,,,,,,,,,,,,,,,,,,,,,,,,,,,,,
Cambodia,MER,Sep/17,APG,ME,ME,LE,LE,LE,LE,LE,LE,SE,ME,LE,PC,PC,LC,LC,LC,LC,NC,PC,C,LC,LC,PC,PC,LC,C,PC,LC,PC,PC,LC,LC,PC,LC,PC,PC,PC,LC,PC,LC,LC,LC,LC,PC,PC,PC,LC,PC,PC,LC,PC,,,,,,,,,,,,,,,,,,,,,,,,,,,,,,,,,,,,,,,,,,,,,,,,,,,,,,,,,,,,,,,,,,,,,,,,,,,,,,,,,,,,,,,,,,,,,,,,,,,,,,,,,,,,,,,,,,,,,,,,,,,,,,,,,,,,,,,,,,,,,,,,,,,,,,,,,,,,,,,,,,,,,,,,,,,,,,,,,,,,,,,,,,,,,,,,,,,,,,,,
Cambodia,FUR1,Sep/18,APG,ME,ME,LE,LE,LE,LE,LE,LE,SE,ME,LE,PC,PC,LC,LC,LC,LC,NC,PC,C,LC,LC,PC,PC,LC,C,PC,LC,PC,LC,LC,LC,PC,LC,PC,PC,PC,LC,PC,LC,LC,LC,LC,PC,LC,PC,LC,PC,PC,LC,PC,2,,,,,,,,,,,,,,,,,,,,,,,,,,,,,,,,,,,,,,,,,,,,,,,,,,,,,,,,,,,,,,,,,,,,,,,,,,,,,,,,,,,,,,,,,,,,,,,,,,,,,,,,,,,,,,,,,,,,,,,,,,,,,,,,,,,,,,,,,,,,,,,,,,,,,,,,,,,,,,,,,,,,,,,,,,,,,,,,,,,,,,,,,,,,,,,,,,,,,,,
Cambodia,FUR2,Aug/19,APG,ME,ME,LE,LE,LE,LE,LE,LE,SE,ME,LE,PC,LC,LC,LC,LC,LC,NC,PC,C,LC,LC,PC,PC,LC,C,PC,LC,PC,LC,LC,LC,PC,LC,PC,PC,PC,LC,PC,LC,LC,LC,LC,PC,LC,PC,LC,PC,PC,LC,PC,1,,,,,,,,,,,,,,,,,,,,,,,,,,,,,,,,,,,,,,,,,,,,,,,,,,,,,,,,,,,,,,,,,,,,,,,,,,,,,,,,,,,,,,,,,,,,,,,,,,,,,,,,,,,,,,,,,,,,,,,,,,,,,,,,,,,,,,,,,,,,,,,,,,,,,,,,,,,,,,,,,,,,,,,,,,,,,,,,,,,,,,,,,,,,,,,,,,,,,,,
Canada,MER,Sep/16,IMF/FATF/APG,SE,SE,SE,ME,LE,ME,ME,ME,SE,SE,ME,LC,C,C,LC,LC,LC,LC,C,C,LC,LC,NC,LC,C,NC,PC,PC,LC,C,PC,LC,NC,NC,PC,NC,LC,C,PC,PC,C,LC,LC,C,LC,LC,C,LC,LC,C,LC,,,,,,,,,,,,,,,,,,,,,,,,,,,,,,,,,,,,,,,,,,,,,,,,,,,,,,,,,,,,,,,,,,,,,,,,,,,,,,,,,,,,,,,,,,,,,,,,,,,,,,,,,,,,,,,,,,,,,,,,,,,,,,,,,,,,,,,,,,,,,,,,,,,,,,,,,,,,,,,,,,,,,,,,,,,,,,,,,,,,,,,,,,,,,,,,,,,,,,,,
Cayman Islands,MER,Mar/19,CFATF,ME,ME,LE,LE,ME,LE,LE,ME,LE,ME,ME,PC,PC,C,LC,C,LC,LC,LC,C,LC,C,C,C,LC,LC,LC,LC,C,PC,C,LC,PC,PC,PC,PC,PC,C,PC,PC,LC,LC,PC,C,PC,PC,LC,C,LC,C,LC,,,,,,,,,,,,,,,,,,,,,,,,,,,,,,,,,,,,,,,,,,,,,,,,,,,,,,,,,,,,,,,,,,,,,,,,,,,,,,,,,,,,,,,,,,,,,,,,,,,,,,,,,,,,,,,,,,,,,,,,,,,,,,,,,,,,,,,,,,,,,,,,,,,,,,,,,,,,,,,,,,,,,,,,,,,,,,,,,,,,,,,,,,,,,,,,,,,,,,,,
China,MER,Apr/19,FATF/IMF/APG/EAG,SE,ME,ME,LE,LE,ME,ME,SE,SE,LE,LE,LC,C,PC,C,LC,PC,NC,PC,C,LC,C,PC,LC,LC,PC,PC,LC,PC,C,LC,LC,NC,NC,NC,NC,PC,LC,NC,PC,C,C,LC,LC,PC,PC,LC,LC,PC,LC,LC,,,,,,,,,,,,,,,,,,,,,,,,,,,,,,,,,,,,,,,,,,,,,,,,,,,,,,,,,,,,,,,,,,,,,,,,,,,,,,,,,,,,,,,,,,,,,,,,,,,,,,,,,,,,,,,,,,,,,,,,,,,,,,,,,,,,,,,,,,,,,,,,,,,,,,,,,,,,,,,,,,,,,,,,,,,,,,,,,,,,,,,,,,,,,,,,,,,,,,,,
Colombia,MER,Nov/18,GAFILAT,SE,SE,ME,ME,ME,SE,LE,SE,LE,ME,LE,LC,LC,LC,C,LC,PC,NC,PC,C,PC,C,PC,PC,C,PC,PC,N/A,C,PC,LC,C,PC,PC,PC,LC,LC,LC,PC,LC,C,C,LC,PC,PC,PC,LC,LC,C,LC,LC,,,,,,,,,,,,,,,,,,,,,,,,,,,,,,,,,,,,,,,,,,,,,,,,,,,,,,,,,,,,,,,,,,,,,,,,,,,,,,,,,,,,,,,,,,,,,,,,,,,,,,,,,,,,,,,,,,,,,,,,,,,,,,,,,,,,,,,,,,,,,,,,,,,,,,,,,,,,,,,,,,,,,,,,,,,,,,,,,,,,,,,,,,,,,,,,,,,,,,,,
Cook Islands,MER,Sep/18,APG,SE,SE,SE,ME,SE,ME,LE,LE,ME,SE,ME,LC,C,LC,LC,LC,LC,PC,LC,C,LC,LC,LC,LC,C,LC,LC,LC,LC,LC,LC,C,LC,LC,LC,LC,LC,LC,LC,LC,LC,LC,LC,LC,LC,PC,LC,LC,LC,C,LC,,,,,,,,,,,,,,,,,,,,,,,,,,,,,,,,,,,,,,,,,,,,,,,,,,,,,,,,,,,,,,,,,,,,,,,,,,,,,,,,,,,,,,,,,,,,,,,,,,,,,,,,,,,,,,,,,,,,,,,,,,,,,,,,,,,,,,,,,,,,,,,,,,,,,,,,,,,,,,,,,,,,,,,,,,,,,,,,,,,,,,,,,,,,,,,,,,,,,,,,
Costa Rica ,MER+FUR,Oct/18,GAFILAT,ME,SE,ME,ME,LE,ME,ME,ME,ME,LE,LE,LC,C,C,LC,C,LC,C,PC,C,LC,C,LC,LC,C,C,LC,PC,LC,C,C,C,PC,LC,LC,LC,LC,LC,NC,C,LC,LC,C,LC,LC,PC,C,C,LC,C,C,,,,,,,,,,,,,,,,,,,,,,,,,,,,,,,,,,,,,,,,,,,,,,,,,,,,,,,,,,,,,,,,,,,,,,,,,,,,,,,,,,,,,,,,,,,,,,,,,,,,,,,,,,,,,,,,,,,,,,,,,,,,,,,,,,,,,,,,,,,,,,,,,,,,,,,,,,,,,,,,,,,,,,,,,,,,,,,,,,,,,,,,,,,,,,,,,,,,,,,,
Costa Rica ,MER,Dec/15,GAFILAT,ME,SE,ME,ME,LE,ME,ME,ME,ME,LE,LE,PC,PC,LC,LC,PC,PC,NC,NC,C,LC,C,LC,LC,C,NC,PC,NC,LC,PC,PC,LC,PC,PC,PC,PC,LC,LC,NC,PC,LC,LC,C,LC,LC,PC,C,C,LC,C,C,,,,,,,,,,,,,,,,,,,,,,,,,,,,,,,,,,,,,,,,,,,,,,,,,,,,,,,,,,,,,,,,,,,,,,,,,,,,,,,,,,,,,,,,,,,,,,,,,,,,,,,,,,,,,,,,,,,,,,,,,,,,,,,,,,,,,,,,,,,,,,,,,,,,,,,,,,,,,,,,,,,,,,,,,,,,,,,,,,,,,,,,,,,,,,,,,,,,,,,,
Costa Rica ,FUR1,Oct/16,GAFILAT,ME,SE,ME,ME,LE,ME,ME,ME,ME,LE,LE,LC,C,C,LC,C,PC,PC,NC,C,LC,C,LC,LC,C,C,LC,PC,LC,C,C,C,PC,PC,PC,PC,LC,LC,NC,PC,LC,LC,C,LC,LC,PC,C,C,LC,C,C,11,,,,,,,,,,,,,,,,,,,,,,,,,,,,,,,,,,,,,,,,,,,,,,,,,,,,,,,,,,,,,,,,,,,,,,,,,,,,,,,,,,,,,,,,,,,,,,,,,,,,,,,,,,,,,,,,,,,,,,,,,,,,,,,,,,,,,,,,,,,,,,,,,,,,,,,,,,,,,,,,,,,,,,,,,,,,,,,,,,,,,,,,,,,,,,,,,,,,,,,
Costa Rica ,FUR2,Oct/17,GAFILAT,ME,SE,ME,ME,LE,ME,ME,ME,ME,LE,LE,LC,C,C,LC,C,LC,C,PC,C,LC,C,LC,LC,C,C,LC,PC,LC,C,C,C,PC,PC,LC,LC,LC,LC,NC,PC,LC,LC,C,LC,LC,PC,C,C,LC,C,C,5,,,,,,,,,,,,,,,,,,,,,,,,,,,,,,,,,,,,,,,,,,,,,,,,,,,,,,,,,,,,,,,,,,,,,,,,,,,,,,,,,,,,,,,,,,,,,,,,,,,,,,,,,,,,,,,,,,,,,,,,,,,,,,,,,,,,,,,,,,,,,,,,,,,,,,,,,,,,,,,,,,,,,,,,,,,,,,,,,,,,,,,,,,,,,,,,,,,,,,,
Costa Rica ,FUR3,Oct/18,GAFILAT,ME,SE,ME,ME,LE,ME,ME,ME,ME,LE,LE,LC,C,C,LC,C,LC,C,PC,C,LC,C,LC,LC,C,C,LC,PC,LC,C,C,C,PC,LC,LC,LC,LC,LC,NC,C,LC,LC,C,LC,LC,PC,C,C,LC,C,C,2,,,,,,,,,,,,,,,,,,,,,,,,,,,,,,,,,,,,,,,,,,,,,,,,,,,,,,,,,,,,,,,,,,,,,,,,,,,,,,,,,,,,,,,,,,,,,,,,,,,,,,,,,,,,,,,,,,,,,,,,,,,,,,,,,,,,,,,,,,,,,,,,,,,,,,,,,,,,,,,,,,,,,,,,,,,,,,,,,,,,,,,,,,,,,,,,,,,,,,,
Cuba,MER+FUR,Oct/17,GAFILAT,ME,ME,SE,ME,SE,ME,ME,SE,SE,SE,ME,LC,C,LC,LC,C,C,LC,PC,C,LC,C,C,C,C,C,C,C,C,C,C,C,LC,LC,LC,C,LC,LC,PC,LC,LC,PC,C,LC,LC,PC,LC,LC,LC,LC,LC,,,,,,,,,,,,,,,,,,,,,,,,,,,,,,,,,,,,,,,,,,,,,,,,,,,,,,,,,,,,,,,,,,,,,,,,,,,,,,,,,,,,,,,,,,,,,,,,,,,,,,,,,,,,,,,,,,,,,,,,,,,,,,,,,,,,,,,,,,,,,,,,,,,,,,,,,,,,,,,,,,,,,,,,,,,,,,,,,,,,,,,,,,,,,,,,,,,,,,,,
Cuba,MER,Dec/15,GAFILAT,ME,ME,SE,ME,SE,ME,ME,SE,SE,SE,ME,LC,C,LC,LC,C,C,LC,PC,C,LC,C,C,C,LC,C,C,C,C,C,C,C,LC,LC,LC,C,LC,LC,PC,LC,LC,PC,C,LC,LC,PC,LC,LC,LC,LC,LC,,,,,,,,,,,,,,,,,,,,,,,,,,,,,,,,,,,,,,,,,,,,,,,,,,,,,,,,,,,,,,,,,,,,,,,,,,,,,,,,,,,,,,,,,,,,,,,,,,,,,,,,,,,,,,,,,,,,,,,,,,,,,,,,,,,,,,,,,,,,,,,,,,,,,,,,,,,,,,,,,,,,,,,,,,,,,,,,,,,,,,,,,,,,,,,,,,,,,,,,
Cuba,FUR1,Oct/17,GAFILAT,ME,ME,SE,ME,SE,ME,ME,SE,SE,SE,ME,LC,C,LC,LC,C,C,LC,PC,C,LC,C,C,C,C,C,C,C,C,C,C,C,LC,LC,LC,C,LC,LC,PC,LC,LC,PC,C,LC,LC,PC,LC,LC,LC,LC,LC,1,,,,,,,,,,,,,,,,,,,,,,,,,,,,,,,,,,,,,,,,,,,,,,,,,,,,,,,,,,,,,,,,,,,,,,,,,,,,,,,,,,,,,,,,,,,,,,,,,,,,,,,,,,,,,,,,,,,,,,,,,,,,,,,,,,,,,,,,,,,,,,,,,,,,,,,,,,,,,,,,,,,,,,,,,,,,,,,,,,,,,,,,,,,,,,,,,,,,,,,
Czech Republic,MER,Feb/19,MONEYVAL,ME,SE,ME,ME,ME,ME,ME,SE,SE,ME,ME,LC,PC,LC,C,LC,PC,PC,PC,C,LC,LC,LC,PC,C,LC,LC,LC,LC,PC,PC,PC,PC,PC,LC,LC,LC,LC,LC,LC,LC,C,PC,PC,LC,PC,LC,LC,LC,LC,LC,,,,,,,,,,,,,,,,,,,,,,,,,,,,,,,,,,,,,,,,,,,,,,,,,,,,,,,,,,,,,,,,,,,,,,,,,,,,,,,,,,,,,,,,,,,,,,,,,,,,,,,,,,,,,,,,,,,,,,,,,,,,,,,,,,,,,,,,,,,,,,,,,,,,,,,,,,,,,,,,,,,,,,,,,,,,,,,,,,,,,,,,,,,,,,,,,,,,,,,,
Denmark,MER+FUR,Nov/19,FATF,ME,SE,LE,LE,ME,ME,ME,ME,SE,ME,SE,LC,LC,LC,LC,C,PC,PC,PC,LC,LC,LC,C,PC,LC,LC,LC,LC,LC,LC,C,C,LC,LC,LC,PC,PC,LC,LC,LC,C,LC,LC,LC,C,LC,LC,LC,LC,LC,LC,,,,,,,,,,,,,,,,,,,,,,,,,,,,,,,,,,,,,,,,,,,,,,,,,,,,,,,,,,,,,,,,,,,,,,,,,,,,,,,,,,,,,,,,,,,,,,,,,,,,,,,,,,,,,,,,,,,,,,,,,,,,,,,,,,,,,,,,,,,,,,,,,,,,,,,,,,,,,,,,,,,,,,,,,,,,,,,,,,,,,,,,,,,,,,,,,,,,,,,,
Denmark,MER,Aug/17,FATF,ME,SE,LE,LE,ME,ME,ME,ME,SE,ME,SE,PC,PC,LC,LC,C,PC,PC,PC,LC,PC,LC,PC,PC,LC,PC,PC,PC,PC,LC,C,C,PC,LC,PC,PC,PC,LC,LC,LC,C,LC,LC,PC,PC,PC,LC,LC,LC,LC,LC,,,,,,,,,,,,,,,,,,,,,,,,,,,,,,,,,,,,,,,,,,,,,,,,,,,,,,,,,,,,,,,,,,,,,,,,,,,,,,,,,,,,,,,,,,,,,,,,,,,,,,,,,,,,,,,,,,,,,,,,,,,,,,,,,,,,,,,,,,,,,,,,,,,,,,,,,,,,,,,,,,,,,,,,,,,,,,,,,,,,,,,,,,,,,,,,,,,,,,,,
Denmark,FUR1,Nov/18,FATF,ME,SE,LE,LE,ME,ME,ME,ME,SE,ME,SE,PC,LC,LC,LC,C,PC,PC,PC,LC,LC,LC,C,PC,LC,LC,LC,LC,LC,LC,C,C,LC,LC,LC,PC,PC,LC,LC,LC,C,LC,LC,LC,PC,PC,LC,LC,LC,LC,LC,10,,,,,,,,,,,,,,,,,,,,,,,,,,,,,,,,,,,,,,,,,,,,,,,,,,,,,,,,,,,,,,,,,,,,,,,,,,,,,,,,,,,,,,,,,,,,,,,,,,,,,,,,,,,,,,,,,,,,,,,,,,,,,,,,,,,,,,,,,,,,,,,,,,,,,,,,,,,,,,,,,,,,,,,,,,,,,,,,,,,,,,,,,,,,,,,,,,,,,,,
Denmark,FUR2,Nov/19,FATF,ME,SE,LE,LE,ME,ME,ME,ME,SE,ME,SE,LC,LC,LC,LC,C,PC,PC,PC,LC,LC,LC,C,PC,LC,LC,LC,LC,LC,LC,C,C,LC,LC,LC,PC,PC,LC,LC,LC,C,LC,LC,LC,C,LC,LC,LC,LC,LC,LC,3,,,,,,,,,,,,,,,,,,,,,,,,,,,,,,,,,,,,,,,,,,,,,,,,,,,,,,,,,,,,,,,,,,,,,,,,,,,,,,,,,,,,,,,,,,,,,,,,,,,,,,,,,,,,,,,,,,,,,,,,,,,,,,,,,,,,,,,,,,,,,,,,,,,,,,,,,,,,,,,,,,,,,,,,,,,,,,,,,,,,,,,,,,,,,,,,,,,,,,,
Dominican Republic,MER+FUR,Sep/19,GAFILAT,ME,SE,LE,ME,ME,ME,ME,ME,SE,ME,ME,LC,C,C,C,C,LC,LC,PC,C,LC,LC,LC,C,PC,C,LC,LC,LC,PC,C,LC,LC,C,LC,LC,PC,C,LC,C,LC,LC,PC,C,LC,C,C,LC,LC,PC,LC,,,,,,,,,,,,,,,,,,,,,,,,,,,,,,,,,,,,,,,,,,,,,,,,,,,,,,,,,,,,,,,,,,,,,,,,,,,,,,,,,,,,,,,,,,,,,,,,,,,,,,,,,,,,,,,,,,,,,,,,,,,,,,,,,,,,,,,,,,,,,,,,,,,,,,,,,,,,,,,,,,,,,,,,,,,,,,,,,,,,,,,,,,,,,,,,,,,,,,,,
Dominican Republic,MER,Sep/18,GAFILAT,ME,SE,LE,ME,ME,ME,ME,ME,SE,ME,ME,LC,C,C,C,C,LC,LC,PC,C,LC,LC,LC,C,PC,C,LC,LC,PC,PC,C,LC,LC,C,LC,LC,PC,C,LC,C,LC,LC,PC,C,LC,C,C,LC,LC,PC,LC,,,,,,,,,,,,,,,,,,,,,,,,,,,,,,,,,,,,,,,,,,,,,,,,,,,,,,,,,,,,,,,,,,,,,,,,,,,,,,,,,,,,,,,,,,,,,,,,,,,,,,,,,,,,,,,,,,,,,,,,,,,,,,,,,,,,,,,,,,,,,,,,,,,,,,,,,,,,,,,,,,,,,,,,,,,,,,,,,,,,,,,,,,,,,,,,,,,,,,,,
Dominican Republic,FUR1,Sep/19,GAFILAT,ME,SE,LE,ME,ME,ME,ME,ME,SE,ME,ME,LC,C,C,C,C,LC,LC,PC,C,LC,LC,LC,C,PC,C,LC,LC,LC,PC,C,LC,LC,C,LC,LC,PC,C,LC,C,LC,LC,PC,C,LC,C,C,LC,LC,PC,LC,1,,,,,,,,,,,,,,,,,,,,,,,,,,,,,,,,,,,,,,,,,,,,,,,,,,,,,,,,,,,,,,,,,,,,,,,,,,,,,,,,,,,,,,,,,,,,,,,,,,,,,,,,,,,,,,,,,,,,,,,,,,,,,,,,,,,,,,,,,,,,,,,,,,,,,,,,,,,,,,,,,,,,,,,,,,,,,,,,,,,,,,,,,,,,,,,,,,,,,,,
Ethiopia,MER+FUR,Sep/19,ESAAMLG/WB,LE,ME,LE,LE,ME,LE,LE,LE,LE,LE,LE,C,LC,LC,LC,LC,LC,PC,PC,C,LC,C,C,C,C,LC,C,C,LC,LC,C,LC,LC,LC,PC,N/A,LC,C,LC,LC,LC,LC,PC,LC,PC,LC,C,LC,LC,LC,PC,,,,,,,,,,,,,,,,,,,,,,,,,,,,,,,,,,,,,,,,,,,,,,,,,,,,,,,,,,,,,,,,,,,,,,,,,,,,,,,,,,,,,,,,,,,,,,,,,,,,,,,,,,,,,,,,,,,,,,,,,,,,,,,,,,,,,,,,,,,,,,,,,,,,,,,,,,,,,,,,,,,,,,,,,,,,,,,,,,,,,,,,,,,,,,,,,,,,,,,,
Ethiopia,MER,Jun/15,ESAAMLG/WB,LE,ME,LE,LE,ME,LE,LE,LE,LE,LE,LE,NC,PC,LC,LC,LC,NC,NC,PC,C,LC,C,C,C,PC,LC,C,C,LC,PC,C,LC,LC,LC,PC,N/A,LC,C,PC,LC,LC,LC,PC,PC,PC,LC,PC,LC,LC,LC,NC,,,,,,,,,,,,,,,,,,,,,,,,,,,,,,,,,,,,,,,,,,,,,,,,,,,,,,,,,,,,,,,,,,,,,,,,,,,,,,,,,,,,,,,,,,,,,,,,,,,,,,,,,,,,,,,,,,,,,,,,,,,,,,,,,,,,,,,,,,,,,,,,,,,,,,,,,,,,,,,,,,,,,,,,,,,,,,,,,,,,,,,,,,,,,,,,,,,,,,,,
Ethiopia,FUR1,Nov/18,ESAAMLG,LE,ME,LE,LE,ME,LE,LE,LE,LE,LE,LE,C,PC,LC,LC,LC,LC,NC,PC,C,LC,C,C,C,C,LC,C,C,LC,LC,C,LC,LC,LC,PC,N/A,LC,C,LC,LC,LC,LC,PC,LC,PC,LC,PC,LC,LC,LC,NC,6,,,,,,,,,,,,,,,,,,,,,,,,,,,,,,,,,,,,,,,,,,,,,,,,,,,,,,,,,,,,,,,,,,,,,,,,,,,,,,,,,,,,,,,,,,,,,,,,,,,,,,,,,,,,,,,,,,,,,,,,,,,,,,,,,,,,,,,,,,,,,,,,,,,,,,,,,,,,,,,,,,,,,,,,,,,,,,,,,,,,,,,,,,,,,,,,,,,,,,,
Ethiopia,FUR2,Sep/19,ESSAMLG,LE,ME,LE,LE,ME,LE,LE,LE,LE,LE,LE,C,LC,LC,LC,LC,LC,PC,LC,C,LC,C,C,C,C,LC,C,C,LC,LC,C,LC,LC,LC,PC,N/A,LC,C,LC,LC,LC,LC,PC,LC,PC,LC,C,LC,LC,LC,PC,5,,,,,,,,,,,,,,,,,,,,,,,,,,,,,,,,,,,,,,,,,,,,,,,,,,,,,,,,,,,,,,,,,,,,,,,,,,,,,,,,,,,,,,,,,,,,,,,,,,,,,,,,,,,,,,,,,,,,,,,,,,,,,,,,,,,,,,,,,,,,,,,,,,,,,,,,,,,,,,,,,,,,,,,,,,,,,,,,,,,,,,,,,,,,,,,,,,,,,,,
Fiji,MER+FUR,Aug-19,APG,ME,ME,ME,ME,LE,ME,ME,LE,LE,LE,LE,LC,LC,LC,C,C,PC,PC,PC,C,LC,C,C,C,C,C,LC,LC,LC,C,LC,LC,LC,LC,PC,PC,LC,LC,LC,C,C,LC,LC,C,LC,LC,LC,LC,C,PC,LC,,,,,,,,,,,,,,,,,,,,,,,,,,,,,,,,,,,,,,,,,,,,,,,,,,,,,,,,,,,,,,,,,,,,,,,,,,,,,,,,,,,,,,,,,,,,,,,,,,,,,,,,,,,,,,,,,,,,,,,,,,,,,,,,,,,,,,,,,,,,,,,,,,,,,,,,,,,,,,,,,,,,,,,,,,,,,,,,,,,,,,,,,,,,,,,,,,,,,,,,
Fiji,MER,Nov/16,APG,ME,ME,ME,ME,LE,ME,ME,LE,LE,LE,LE,PC,PC,LC,C,PC,NC,NC,PC,C,PC,PC,PC,C,C,PC,PC,PC,PC,NC,LC,LC,NC,PC,PC,PC,LC,LC,PC,C,C,LC,LC,PC,LC,PC,PC,LC,C,PC,LC,,,,,,,,,,,,,,,,,,,,,,,,,,,,,,,,,,,,,,,,,,,,,,,,,,,,,,,,,,,,,,,,,,,,,,,,,,,,,,,,,,,,,,,,,,,,,,,,,,,,,,,,,,,,,,,,,,,,,,,,,,,,,,,,,,,,,,,,,,,,,,,,,,,,,,,,,,,,,,,,,,,,,,,,,,,,,,,,,,,,,,,,,,,,,,,,,,,,,,,,
Fiji,FUR1,Oct/17,APG,ME,ME,ME,ME,LE,ME,ME,LE,LE,LE,LE,LC,PC,LC,C,C,PC,PC,PC,C,LC,C,PC,C,C,PC,LC,LC,LC,NC,LC,LC,PC,PC,PC,PC,LC,LC,PC,C,C,LC,LC,PC,LC,LC,PC,LC,C,PC,LC,11,,,,,,,,,,,,,,,,,,,,,,,,,,,,,,,,,,,,,,,,,,,,,,,,,,,,,,,,,,,,,,,,,,,,,,,,,,,,,,,,,,,,,,,,,,,,,,,,,,,,,,,,,,,,,,,,,,,,,,,,,,,,,,,,,,,,,,,,,,,,,,,,,,,,,,,,,,,,,,,,,,,,,,,,,,,,,,,,,,,,,,,,,,,,,,,,,,,,,,,
Fiji,FUR2,Sep/18,APG,ME,ME,ME,ME,LE,ME,ME,LE,LE,LE,LE,LC,LC,LC,C,C,PC,PC,PC,C,LC,C,C,C,C,C,LC,LC,LC,C,LC,LC,LC,LC,PC,PC,LC,LC,LC,C,C,LC,LC,PC,LC,LC,LC,LC,C,PC,LC,8,,,,,,,,,,,,,,,,,,,,,,,,,,,,,,,,,,,,,,,,,,,,,,,,,,,,,,,,,,,,,,,,,,,,,,,,,,,,,,,,,,,,,,,,,,,,,,,,,,,,,,,,,,,,,,,,,,,,,,,,,,,,,,,,,,,,,,,,,,,,,,,,,,,,,,,,,,,,,,,,,,,,,,,,,,,,,,,,,,,,,,,,,,,,,,,,,,,,,,,
Fiji,FUR3,Aug/19,APG,ME,ME,ME,ME,LE,ME,ME,LE,LE,LE,LE,LC,LC,LC,C,C,PC,PC,PC,C,LC,C,C,C,C,C,LC,LC,LC,C,LC,LC,LC,LC,PC,PC,LC,LC,LC,C,C,LC,LC,C,LC,LC,LC,LC,C,PC,LC,1,,,,,,,,,,,,,,,,,,,,,,,,,,,,,,,,,,,,,,,,,,,,,,,,,,,,,,,,,,,,,,,,,,,,,,,,,,,,,,,,,,,,,,,,,,,,,,,,,,,,,,,,,,,,,,,,,,,,,,,,,,,,,,,,,,,,,,,,,,,,,,,,,,,,,,,,,,,,,,,,,,,,,,,,,,,,,,,,,,,,,,,,,,,,,,,,,,,,,,,
Finland,MER,Apr/19,FATF,SE,HE,LE,ME,ME,SE,SE,ME,ME,ME,ME,LC,PC,LC,LC,LC,LC,LC,PC,C,LC,C,LC,PC,C,LC,C,LC,LC,PC,C,C,LC,LC,PC,LC,LC,PC,PC,C,C,LC,LC,LC,PC,PC,LC,LC,LC,LC,LC,,,,,,,,,,,,,,,,,,,,,,,,,,,,,,,,,,,,,,,,,,,,,,,,,,,,,,,,,,,,,,,,,,,,,,,,,,,,,,,,,,,,,,,,,,,,,,,,,,,,,,,,,,,,,,,,,,,,,,,,,,,,,,,,,,,,,,,,,,,,,,,,,,,,,,,,,,,,,,,,,,,,,,,,,,,,,,,,,,,,,,,,,,,,,,,,,,,,,,,,
Ghana,MER+FUR,Jun/18,GIABA,ME,SE,ME,LE,LE,ME,ME,LE,LE,LE,LE,LC,LC,C,LC,LC,LC,LC,NC,C,LC,C,C,C,C,C,LC,LC,LC,C,C,C,LC,LC,LC,PC,LC,LC,PC,C,C,C,LC,PC,LC,PC,C,LC,LC,PC,LC,,,,,,,,,,,,,,,,,,,,,,,,,,,,,,,,,,,,,,,,,,,,,,,,,,,,,,,,,,,,,,,,,,,,,,,,,,,,,,,,,,,,,,,,,,,,,,,,,,,,,,,,,,,,,,,,,,,,,,,,,,,,,,,,,,,,,,,,,,,,,,,,,,,,,,,,,,,,,,,,,,,,,,,,,,,,,,,,,,,,,,,,,,,,,,,,,,,,,,,,
Ghana,MER,Apr/18,GIABA,ME,SE,ME,LE,LE,ME,ME,LE,LE,LE,LE,LC,LC,C,LC,LC,LC,LC,NC,C,LC,C,C,C,C,C,PC,PC,LC,C,C,C,LC,LC,LC,PC,LC,LC,PC,C,C,C,LC,PC,LC,PC,C,LC,LC,PC,LC,,,,,,,,,,,,,,,,,,,,,,,,,,,,,,,,,,,,,,,,,,,,,,,,,,,,,,,,,,,,,,,,,,,,,,,,,,,,,,,,,,,,,,,,,,,,,,,,,,,,,,,,,,,,,,,,,,,,,,,,,,,,,,,,,,,,,,,,,,,,,,,,,,,,,,,,,,,,,,,,,,,,,,,,,,,,,,,,,,,,,,,,,,,,,,,,,,,,,,,,
Ghana,FUR1,Jun/18,GIABA,ME,SE,ME,LE,LE,ME,ME,LE,LE,LE,LE,LC,LC,C,LC,LC,LC,LC,NC,C,LC,C,C,C,C,C,LC,LC,LC,C,C,C,LC,LC,LC,PC,LC,LC,PC,C,C,C,LC,PC,LC,PC,C,LC,LC,PC,LC,2,,,,,,,,,,,,,,,,,,,,,,,,,,,,,,,,,,,,,,,,,,,,,,,,,,,,,,,,,,,,,,,,,,,,,,,,,,,,,,,,,,,,,,,,,,,,,,,,,,,,,,,,,,,,,,,,,,,,,,,,,,,,,,,,,,,,,,,,,,,,,,,,,,,,,,,,,,,,,,,,,,,,,,,,,,,,,,,,,,,,,,,,,,,,,,,,,,,,,,,
Greece,MER,Sep/19,FATF,SE,SE,ME,ME,ME,SE,ME,ME,SE,ME,SE,LC,LC,C,LC,LC,LC,LC,PC,C,C,C,C,PC,C,LC,LC,LC,C,LC,C,C,LC,LC,LC,LC,LC,C,LC,C,C,C,PC,LC,LC,LC,LC,LC,C,C,LC,,,,,,,,,,,,,,,,,,,,,,,,,,,,,,,,,,,,,,,,,,,,,,,,,,,,,,,,,,,,,,,,,,,,,,,,,,,,,,,,,,,,,,,,,,,,,,,,,,,,,,,,,,,,,,,,,,,,,,,,,,,,,,,,,,,,,,,,,,,,,,,,,,,,,,,,,,,,,,,,,,,,,,,,,,,,,,,,,,,,,,,,,,,,,,,,,,,,,,,,
Guatemala,MER+FUR,Oct/18,CFATF/ GAFILAT,ME,SE,ME,ME,ME,SE,SE,SE,ME,ME,ME,LC,C,LC,LC,PC,PC,PC,LC,C,LC,C,LC,C,PC,C,LC,PC,C,C,LC,C,PC,PC,LC,LC,C,LC,PC,C,C,C,C,C,C,PC,C,LC,LC,LC,LC,,,,,,,,,,,,,,,,,,,,,,,,,,,,,,,,,,,,,,,,,,,,,,,,,,,,,,,,,,,,,,,,,,,,,,,,,,,,,,,,,,,,,,,,,,,,,,,,,,,,,,,,,,,,,,,,,,,,,,,,,,,,,,,,,,,,,,,,,,,,,,,,,,,,,,,,,,,,,,,,,,,,,,,,,,,,,,,,,,,,,,,,,,,,,,,,,,,,,,,,
Guatemala,MER,Feb/17,CFATF/ GAFILAT,ME,SE,ME,ME,ME,SE,SE,SE,ME,ME,ME,LC,C,LC,LC,PC,PC,PC,LC,C,LC,C,LC,C,PC,PC,PC,PC,C,C,LC,C,PC,PC,LC,LC,C,LC,PC,C,C,C,C,C,C,PC,C,LC,LC,LC,LC,,,,,,,,,,,,,,,,,,,,,,,,,,,,,,,,,,,,,,,,,,,,,,,,,,,,,,,,,,,,,,,,,,,,,,,,,,,,,,,,,,,,,,,,,,,,,,,,,,,,,,,,,,,,,,,,,,,,,,,,,,,,,,,,,,,,,,,,,,,,,,,,,,,,,,,,,,,,,,,,,,,,,,,,,,,,,,,,,,,,,,,,,,,,,,,,,,,,,,,,
Guatemala,FUR1,Oct/18,GAFILAT,ME,SE,ME,ME,ME,SE,SE,SE,ME,ME,ME,LC,C,LC,LC,PC,PC,PC,LC,C,LC,C,LC,C,PC,C,LC,PC,C,C,LC,C,PC,PC,LC,LC,C,LC,PC,C,C,C,C,C,C,PC,C,LC,LC,LC,LC,2,,,,,,,,,,,,,,,,,,,,,,,,,,,,,,,,,,,,,,,,,,,,,,,,,,,,,,,,,,,,,,,,,,,,,,,,,,,,,,,,,,,,,,,,,,,,,,,,,,,,,,,,,,,,,,,,,,,,,,,,,,,,,,,,,,,,,,,,,,,,,,,,,,,,,,,,,,,,,,,,,,,,,,,,,,,,,,,,,,,,,,,,,,,,,,,,,,,,,,,
Haiti,MER,Jul/19,CFATF,LE,LE,LE,LE,LE,LE,LE,LE,LE,LE,LE,NC,PC,PC,PC,PC,NC,NC,NC,LC,PC,PC,PC,PC,PC,PC,NC,NC,NC,NC,PC,PC,NC,NC,NC,NC,NC,PC,NC,PC,PC,NC,NC,NC,PC,PC,LC,PC,PC,PC,NC,,,,,,,,,,,,,,,,,,,,,,,,,,,,,,,,,,,,,,,,,,,,,,,,,,,,,,,,,,,,,,,,,,,,,,,,,,,,,,,,,,,,,,,,,,,,,,,,,,,,,,,,,,,,,,,,,,,,,,,,,,,,,,,,,,,,,,,,,,,,,,,,,,,,,,,,,,,,,,,,,,,,,,,,,,,,,,,,,,,,,,,,,,,,,,,,,,,,,,,,
Honduras,MER,Jan/17,GAFILAT,ME,SE,ME,ME,LE,ME,ME,HE,SE,ME,LE,PC,LC,LC,C,LC,LC,PC,LC,C,LC,C,LC,C,C,C,PC,PC,LC,C,C,C,LC,PC,NC,LC,LC,C,PC,LC,C,C,C,PC,NC,PC,LC,LC,LC,LC,LC,,,,,,,,,,,,,,,,,,,,,,,,,,,,,,,,,,,,,,,,,,,,,,,,,,,,,,,,,,,,,,,,,,,,,,,,,,,,,,,,,,,,,,,,,,,,,,,,,,,,,,,,,,,,,,,,,,,,,,,,,,,,,,,,,,,,,,,,,,,,,,,,,,,,,,,,,,,,,,,,,,,,,,,,,,,,,,,,,,,,,,,,,,,,,,,,,,,,,,,,
"Hong Kong, China",MER,Sep/19,FATF,SE,SE,ME,ME,ME,SE,ME,SE,SE,SE,ME,LC,LC,LC,LC,LC,C,C,C,C,LC,LC,PC,C,LC,LC,LC,LC,LC,LC,LC,C,PC,LC,LC,PC,LC,LC,PC,C,C,C,C,C,LC,LC,LC,LC,LC,LC,LC,,,,,,,,,,,,,,,,,,,,,,,,,,,,,,,,,,,,,,,,,,,,,,,,,,,,,,,,,,,,,,,,,,,,,,,,,,,,,,,,,,,,,,,,,,,,,,,,,,,,,,,,,,,,,,,,,,,,,,,,,,,,,,,,,,,,,,,,,,,,,,,,,,,,,,,,,,,,,,,,,,,,,,,,,,,,,,,,,,,,,,,,,,,,,,,,,,,,,,,,
Hungary,MER+FUR,Dec/19,MONEYVAL,LE,SE,ME,ME,LE,SE,LE,LE,ME,ME,ME,LC,LC,LC,C,LC,LC,LC,PC,C,LC,LC,PC,PC,LC,C,LC,LC,PC,LC,C,LC,LC,LC,PC,LC,LC,LC,LC,C,C,LC,PC,LC,LC,LC,LC,LC,LC,LC,LC,,,,,,,,,,,,,,,,,,,,,,,,,,,,,,,,,,,,,,,,,,,,,,,,,,,,,,,,,,,,,,,,,,,,,,,,,,,,,,,,,,,,,,,,,,,,,,,,,,,,,,,,,,,,,,,,,,,,,,,,,,,,,,,,,,,,,,,,,,,,,,,,,,,,,,,,,,,,,,,,,,,,,,,,,,,,,,,,,,,,,,,,,,,,,,,,,,,,,,,,
Hungary,MER,Sep/16,MONEYVAL,LE,SE,ME,ME,LE,SE,LE,LE,ME,ME,ME,PC,PC,LC,C,LC,PC,PC,PC,C,PC,LC,PC,PC,LC,PC,PC,LC,PC,PC,C,LC,PC,PC,PC,PC,LC,LC,PC,C,C,LC,PC,PC,PC,PC,LC,LC,LC,LC,LC,,,,,,,,,,,,,,,,,,,,,,,,,,,,,,,,,,,,,,,,,,,,,,,,,,,,,,,,,,,,,,,,,,,,,,,,,,,,,,,,,,,,,,,,,,,,,,,,,,,,,,,,,,,,,,,,,,,,,,,,,,,,,,,,,,,,,,,,,,,,,,,,,,,,,,,,,,,,,,,,,,,,,,,,,,,,,,,,,,,,,,,,,,,,,,,,,,,,,,,,
Hungary,FUR1,Mar/18,MONEYVAL,LE,SE,ME,ME,LE,SE,LE,LE,ME,ME,ME,LC,LC,LC,C,PC,LC,LC,PC,C,LC,LC,PC,PC,LC,C,LC,LC,PC,LC,C,LC,LC,LC,PC,LC,LC,LC,PC,C,C,LC,PC,PC,LC,LC,LC,LC,LC,LC,LC,13,,,,,,,,,,,,,,,,,,,,,,,,,,,,,,,,,,,,,,,,,,,,,,,,,,,,,,,,,,,,,,,,,,,,,,,,,,,,,,,,,,,,,,,,,,,,,,,,,,,,,,,,,,,,,,,,,,,,,,,,,,,,,,,,,,,,,,,,,,,,,,,,,,,,,,,,,,,,,,,,,,,,,,,,,,,,,,,,,,,,,,,,,,,,,,,,,,,,,,,
Hungary,FUR2,Dec/18,MONEYVAL,LE,SE,ME,ME,LE,SE,LE,LE,ME,ME,ME,LC,LC,LC,C,LC,LC,LC,PC,C,LC,LC,PC,PC,LC,C,LC,LC,PC,LC,C,LC,LC,LC,PC,LC,LC,LC,LC,C,C,LC,PC,PC,LC,LC,LC,LC,LC,LC,LC,2,,,,,,,,,,,,,,,,,,,,,,,,,,,,,,,,,,,,,,,,,,,,,,,,,,,,,,,,,,,,,,,,,,,,,,,,,,,,,,,,,,,,,,,,,,,,,,,,,,,,,,,,,,,,,,,,,,,,,,,,,,,,,,,,,,,,,,,,,,,,,,,,,,,,,,,,,,,,,,,,,,,,,,,,,,,,,,,,,,,,,,,,,,,,,,,,,,,,,,,
Hungary,FUR3,Dec/19,MONEYVAL,LE,SE,ME,ME,LE,SE,LE,LE,ME,ME,ME,LC,LC,LC,C,LC,LC,LC,PC,C,LC,LC,PC,PC,LC,C,LC,LC,PC,LC,C,LC,LC,LC,PC,LC,LC,LC,LC,C,C,LC,PC,LC,LC,LC,LC,LC,LC,LC,LC,1,,,,,,,,,,,,,,,,,,,,,,,,,,,,,,,,,,,,,,,,,,,,,,,,,,,,,,,,,,,,,,,,,,,,,,,,,,,,,,,,,,,,,,,,,,,,,,,,,,,,,,,,,,,,,,,,,,,,,,,,,,,,,,,,,,,,,,,,,,,,,,,,,,,,,,,,,,,,,,,,,,,,,,,,,,,,,,,,,,,,,,,,,,,,,,,,,,,,,,,
Iceland,MER+FUR,Sep/19,FATF,LE,SE,LE,LE,LE,ME,ME,ME,ME,LE,LE,PC,PC,C,LC,LC,PC,PC,NC,C,C,C,C,PC,LC,LC,C,C,LC,C,C,C,C,LC,PC,PC,PC,C,PC,LC,C,C,PC,LC,PC,LC,LC,LC,LC,LC,LC,,,,,,,,,,,,,,,,,,,,,,,,,,,,,,,,,,,,,,,,,,,,,,,,,,,,,,,,,,,,,,,,,,,,,,,,,,,,,,,,,,,,,,,,,,,,,,,,,,,,,,,,,,,,,,,,,,,,,,,,,,,,,,,,,,,,,,,,,,,,,,,,,,,,,,,,,,,,,,,,,,,,,,,,,,,,,,,,,,,,,,,,,,,,,,,,,,,,,,,,
Iceland,MER,Apr/18,FATF,LE,SE,LE,LE,LE,ME,ME,ME,ME,LE,LE,PC,PC,C,LC,LC,PC,PC,NC,LC,PC,C,PC,PC,LC,PC,PC,PC,PC,PC,LC,C,PC,PC,PC,PC,PC,LC,NC,LC,C,C,PC,LC,PC,PC,LC,LC,LC,LC,LC,,,,,,,,,,,,,,,,,,,,,,,,,,,,,,,,,,,,,,,,,,,,,,,,,,,,,,,,,,,,,,,,,,,,,,,,,,,,,,,,,,,,,,,,,,,,,,,,,,,,,,,,,,,,,,,,,,,,,,,,,,,,,,,,,,,,,,,,,,,,,,,,,,,,,,,,,,,,,,,,,,,,,,,,,,,,,,,,,,,,,,,,,,,,,,,,,,,,,,,,
Iceland,FUR1,Sep/19,FATF,LE,SE,LE,LE,LE,ME,ME,ME,ME,LE,LE,PC,PC,C,LC,LC,PC,PC,NC,C,C,C,C,PC,LC,PC,C,C,LC,PC,C,C,C,LC,PC,PC,PC,C,PC,LC,C,C,PC,LC,PC,LC,LC,LC,LC,LC,LC,14,,,,,,,,,,,,,,,,,,,,,,,,,,,,,,,,,,,,,,,,,,,,,,,,,,,,,,,,,,,,,,,,,,,,,,,,,,,,,,,,,,,,,,,,,,,,,,,,,,,,,,,,,,,,,,,,,,,,,,,,,,,,,,,,,,,,,,,,,,,,,,,,,,,,,,,,,,,,,,,,,,,,,,,,,,,,,,,,,,,,,,,,,,,,,,,,,,,,,,,
Indonesia,MER,Sep/18,APG,SE,SE,ME,ME,ME,SE,ME,SE,SE,ME,LE,LC,LC,LC,LC,LC,PC,NC,LC,C,LC,LC,LC,C,C,LC,LC,LC,C,LC,C,LC,LC,LC,PC,PC,LC,LC,PC,C,LC,LC,LC,LC,LC,LC,LC,LC,LC,LC,LC,,,,,,,,,,,,,,,,,,,,,,,,,,,,,,,,,,,,,,,,,,,,,,,,,,,,,,,,,,,,,,,,,,,,,,,,,,,,,,,,,,,,,,,,,,,,,,,,,,,,,,,,,,,,,,,,,,,,,,,,,,,,,,,,,,,,,,,,,,,,,,,,,,,,,,,,,,,,,,,,,,,,,,,,,,,,,,,,,,,,,,,,,,,,,,,,,,,,,,,,
Ireland,MER+FUR,Nov/19,FATF,SE,SE,SE,ME,ME,SE,ME,ME,ME,ME,SE,LC,C,C,C,LC,PC,PC,PC,C,LC,LC,C,PC,LC,LC,C,LC,LC,LC,C,C,PC,LC,LC,LC,C,C,LC,C,C,C,PC,PC,C,LC,C,C,LC,C,LC,,,,,,,,,,,,,,,,,,,,,,,,,,,,,,,,,,,,,,,,,,,,,,,,,,,,,,,,,,,,,,,,,,,,,,,,,,,,,,,,,,,,,,,,,,,,,,,,,,,,,,,,,,,,,,,,,,,,,,,,,,,,,,,,,,,,,,,,,,,,,,,,,,,,,,,,,,,,,,,,,,,,,,,,,,,,,,,,,,,,,,,,,,,,,,,,,,,,,,,,
Ireland,FUR1,Nov/19,FATF,SE,SE,SE,ME,ME,SE,ME,ME,ME,ME,SE,LC,C,C,C,LC,PC,PC,PC,C,LC,LC,C,PC,LC,LC,C,LC,LC,LC,C,C,PC,LC,LC,LC,C,C,LC,C,C,C,PC,PC,C,LC,C,C,LC,C,LC,11,,,,,,,,,,,,,,,,,,,,,,,,,,,,,,,,,,,,,,,,,,,,,,,,,,,,,,,,,,,,,,,,,,,,,,,,,,,,,,,,,,,,,,,,,,,,,,,,,,,,,,,,,,,,,,,,,,,,,,,,,,,,,,,,,,,,,,,,,,,,,,,,,,,,,,,,,,,,,,,,,,,,,,,,,,,,,,,,,,,,,,,,,,,,,,,,,,,,,,,
Isle of Man,MER+FUR,Jul/18,MONEYVAL,SE,SE,ME,ME,ME,LE,LE,LE,ME,ME,ME,LC,C,C,LC,C,C,LC,LC,C,LC,C,C,C,LC,C,C,C,LC,C,C,LC,LC,PC,LC,C,LC,LC,LC,C,C,C,C,C,LC,LC,LC,LC,LC,C,LC,,,,,,,,,,,,,,,,,,,,,,,,,,,,,,,,,,,,,,,,,,,,,,,,,,,,,,,,,,,,,,,,,,,,,,,,,,,,,,,,,,,,,,,,,,,,,,,,,,,,,,,,,,,,,,,,,,,,,,,,,,,,,,,,,,,,,,,,,,,,,,,,,,,,,,,,,,,,,,,,,,,,,,,,,,,,,,,,,,,,,,,,,,,,,,,,,,,,,,,,
Isle of Man,MER,Dec/16,MONEYVAL,SE,SE,ME,ME,ME,LE,LE,LE,ME,ME,ME,LC,C,C,LC,LC,LC,LC,LC,C,LC,LC,LC,C,LC,C,PC,LC,LC,C,C,LC,LC,PC,PC,PC,LC,LC,LC,LC,C,C,LC,LC,LC,PC,LC,LC,LC,C,LC,,,,,,,,,,,,,,,,,,,,,,,,,,,,,,,,,,,,,,,,,,,,,,,,,,,,,,,,,,,,,,,,,,,,,,,,,,,,,,,,,,,,,,,,,,,,,,,,,,,,,,,,,,,,,,,,,,,,,,,,,,,,,,,,,,,,,,,,,,,,,,,,,,,,,,,,,,,,,,,,,,,,,,,,,,,,,,,,,,,,,,,,,,,,,,,,,,,,,,,,
Isle of Man,FUR1,Jul/18,MONEYVAL,SE,SE,ME,ME,ME,LE,LE,LE,ME,ME,ME,LC,C,C,LC,C,C,LC,LC,C,LC,LC,LC,C,LC,C,C,LC,LC,C,C,LC,LC,PC,LC,PC,LC,LC,LC,C,C,C,C,C,LC,LC,LC,LC,LC,C,LC,8,,,,,,,,,,,,,,,,,,,,,,,,,,,,,,,,,,,,,,,,,,,,,,,,,,,,,,,,,,,,,,,,,,,,,,,,,,,,,,,,,,,,,,,,,,,,,,,,,,,,,,,,,,,,,,,,,,,,,,,,,,,,,,,,,,,,,,,,,,,,,,,,,,,,,,,,,,,,,,,,,,,,,,,,,,,,,,,,,,,,,,,,,,,,,,,,,,,,,,,
Isle of Man,FUR2,Jul/19,MONEYVAL,SE,SE,ME,ME,ME,LE,LE,LE,ME,ME,ME,LC,C,C,LC,C,C,LC,LC,C,LC,C,C,C,LC,C,C,C,LC,C,C,LC,LC,PC,LC,C,LC,LC,LC,C,C,C,C,C,LC,LC,LC,LC,LC,C,LC,4,,,,,,,,,,,,,,,,,,,,,,,,,,,,,,,,,,,,,,,,,,,,,,,,,,,,,,,,,,,,,,,,,,,,,,,,,,,,,,,,,,,,,,,,,,,,,,,,,,,,,,,,,,,,,,,,,,,,,,,,,,,,,,,,,,,,,,,,,,,,,,,,,,,,,,,,,,,,,,,,,,,,,,,,,,,,,,,,,,,,,,,,,,,,,,,,,,,,,,,
Israel,MER,Dec/18,FATF/MONEYVAL,SE,SE,ME,ME,SE,HE,SE,HE,HE,SE,ME,LC,C,LC,LC,C,LC,LC,LC,C,LC,LC,LC,C,C,C,PC,N/A,PC,LC,C,C,PC,PC,LC,LC,LC,C,PC,C,C,C,C,C,C,LC,C,LC,LC,C,LC,,,,,,,,,,,,,,,,,,,,,,,,,,,,,,,,,,,,,,,,,,,,,,,,,,,,,,,,,,,,,,,,,,,,,,,,,,,,,,,,,,,,,,,,,,,,,,,,,,,,,,,,,,,,,,,,,,,,,,,,,,,,,,,,,,,,,,,,,,,,,,,,,,,,,,,,,,,,,,,,,,,,,,,,,,,,,,,,,,,,,,,,,,,,,,,,,,,,,,,,
Italy,MER+FUR,Mar/19,IMF/FATF,SE,SE,ME,ME,SE,SE,SE,SE,SE,ME,SE,C,LC,LC,C,C,LC,PC,LC,C,LC,C,LC,PC,C,LC,C,LC,LC,C,C,LC,LC,LC,LC,LC,C,C,LC,C,C,C,LC,LC,LC,C,C,LC,LC,C,C,,,,,,,,,,,,,,,,,,,,,,,,,,,,,,,,,,,,,,,,,,,,,,,,,,,,,,,,,,,,,,,,,,,,,,,,,,,,,,,,,,,,,,,,,,,,,,,,,,,,,,,,,,,,,,,,,,,,,,,,,,,,,,,,,,,,,,,,,,,,,,,,,,,,,,,,,,,,,,,,,,,,,,,,,,,,,,,,,,,,,,,,,,,,,,,,,,,,,,,,
Italy,MER,Feb/16,FATF,SE,SE,ME,ME,SE,SE,SE,SE,SE,ME,SE,LC,LC,LC,C,C,LC,PC,LC,C,LC,C,LC,PC,C,LC,PC,LC,LC,C,LC,LC,LC,LC,LC,LC,LC,LC,LC,LC,C,C,LC,LC,LC,PC,C,LC,LC,C,LC,,,,,,,,,,,,,,,,,,,,,,,,,,,,,,,,,,,,,,,,,,,,,,,,,,,,,,,,,,,,,,,,,,,,,,,,,,,,,,,,,,,,,,,,,,,,,,,,,,,,,,,,,,,,,,,,,,,,,,,,,,,,,,,,,,,,,,,,,,,,,,,,,,,,,,,,,,,,,,,,,,,,,,,,,,,,,,,,,,,,,,,,,,,,,,,,,,,,,,,,
Italy,FUR1,Mar/19,FATF,SE,SE,ME,ME,SE,SE,SE,SE,SE,ME,SE,C,LC,LC,C,C,LC,PC,LC,C,LC,C,LC,PC,C,LC,C,LC,LC,C,C,LC,LC,LC,LC,LC,C,C,LC,C,C,C,LC,LC,LC,C,C,LC,LC,C,C,8,,,,,,,,,,,,,,,,,,,,,,,,,,,,,,,,,,,,,,,,,,,,,,,,,,,,,,,,,,,,,,,,,,,,,,,,,,,,,,,,,,,,,,,,,,,,,,,,,,,,,,,,,,,,,,,,,,,,,,,,,,,,,,,,,,,,,,,,,,,,,,,,,,,,,,,,,,,,,,,,,,,,,,,,,,,,,,,,,,,,,,,,,,,,,,,,,,,,,,,
Jamaica,MER,Jan/17,CFATF,ME,ME,ME,LE,LE,ME,LE,SE,LE,LE,LE,PC,PC,LC,LC,LC,NC,PC,NC,C,PC,PC,PC,C,PC,C,LC,PC,PC,PC,C,PC,PC,PC,PC,PC,PC,PC,PC,LC,LC,LC,LC,PC,LC,PC,LC,C,LC,C,PC,,,,,,,,,,,,,,,,,,,,,,,,,,,,,,,,,,,,,,,,,,,,,,,,,,,,,,,,,,,,,,,,,,,,,,,,,,,,,,,,,,,,,,,,,,,,,,,,,,,,,,,,,,,,,,,,,,,,,,,,,,,,,,,,,,,,,,,,,,,,,,,,,,,,,,,,,,,,,,,,,,,,,,,,,,,,,,,,,,,,,,,,,,,,,,,,,,,,,,,,
Jordan,MER,Jan/20,MENAFATF,ME,SE,ME,ME,LE,ME,LE,ME,SE,LE,LE,PC,LC,LC,PC,LC,PC,NC,NC,C,LC,LC,LC,C,LC,LC,LC,LC,LC,LC,PC,PC,NC,NC,PC,NC,PC,LC,PC,LC,C,C,PC,PC,PC,PC,LC,PC,NC,PC,PC,,,,,,,,,,,,,,,,,,,,,,,,,,,,,,,,,,,,,,,,,,,,,,,,,,,,,,,,,,,,,,,,,,,,,,,,,,,,,,,,,,,,,,,,,,,,,,,,,,,,,,,,,,,,,,,,,,,,,,,,,,,,,,,,,,,,,,,,,,,,,,,,,,,,,,,,,,,,,,,,,,,,,,,,,,,,,,,,,,,,,,,,,,,,,,,,,,,,,,,,
Kyrgyzstan,MER+FUR,Dec/19,EAG,LE,ME,ME,ME,ME,ME,ME,LE,ME,ME,ME,LC,LC,C,LC,LC,C,C,NC,LC,LC,LC,LC,LC,LC,LC,LC,LC,LC,LC,LC,LC,LC,LC,LC,LC,LC,LC,LC,LC,C,LC,LC,LC,LC,LC,LC,LC,LC,LC,LC,,,,,,,,,,,,,,,,,,,,,,,,,,,,,,,,,,,,,,,,,,,,,,,,,,,,,,,,,,,,,,,,,,,,,,,,,,,,,,,,,,,,,,,,,,,,,,,,,,,,,,,,,,,,,,,,,,,,,,,,,,,,,,,,,,,,,,,,,,,,,,,,,,,,,,,,,,,,,,,,,,,,,,,,,,,,,,,,,,,,,,,,,,,,,,,,,,,,,,,,
Kyrgyzstan,MER,Sep/18,EAG,LE,ME,ME,ME,ME,ME,ME,LE,ME,ME,ME,PC,PC,C,LC,LC,LC,PC,NC,LC,LC,LC,NC,LC,LC,LC,PC,NC,LC,LC,LC,LC,PC,PC,PC,LC,LC,LC,NC,LC,C,LC,LC,LC,PC,LC,LC,LC,PC,LC,LC,,,,,,,,,,,,,,,,,,,,,,,,,,,,,,,,,,,,,,,,,,,,,,,,,,,,,,,,,,,,,,,,,,,,,,,,,,,,,,,,,,,,,,,,,,,,,,,,,,,,,,,,,,,,,,,,,,,,,,,,,,,,,,,,,,,,,,,,,,,,,,,,,,,,,,,,,,,,,,,,,,,,,,,,,,,,,,,,,,,,,,,,,,,,,,,,,,,,,,,,
Kyrgyzstan,FUR1,Dec/19,EAG,LE,ME,ME,ME,ME,ME,ME,LE,ME,ME,ME,LC,LC,C,LC,LC,C,C,NC,LC,LC,LC,LC,LC,LC,LC,LC,LC,LC,LC,LC,LC,LC,LC,LC,LC,LC,LC,LC,LC,C,LC,LC,LC,LC,LC,LC,LC,LC,LC,LC,14,,,,,,,,,,,,,,,,,,,,,,,,,,,,,,,,,,,,,,,,,,,,,,,,,,,,,,,,,,,,,,,,,,,,,,,,,,,,,,,,,,,,,,,,,,,,,,,,,,,,,,,,,,,,,,,,,,,,,,,,,,,,,,,,,,,,,,,,,,,,,,,,,,,,,,,,,,,,,,,,,,,,,,,,,,,,,,,,,,,,,,,,,,,,,,,,,,,,,,,
Latvia,MER+FUR,Dec/19,MONEYVAL,ME,SE,ME,ME,LE,ME,ME,ME,ME,ME,LE,C,C,LC,C,LC,LC,LC,LC,C,LC,LC,LC,LC,LC,LC,LC,LC,LC,LC,LC,C,LC,LC,LC,LC,LC,C,LC,LC,LC,LC,LC,LC,C,LC,LC,LC,LC,LC,LC,,,,,,,,,,,,,,,,,,,,,,,,,,,,,,,,,,,,,,,,,,,,,,,,,,,,,,,,,,,,,,,,,,,,,,,,,,,,,,,,,,,,,,,,,,,,,,,,,,,,,,,,,,,,,,,,,,,,,,,,,,,,,,,,,,,,,,,,,,,,,,,,,,,,,,,,,,,,,,,,,,,,,,,,,,,,,,,,,,,,,,,,,,,,,,,,,,,,,,,,
Latvia,MER,Jul/18,MONEYVAL,ME,SE,ME,ME,LE,ME,ME,ME,ME,ME,LE,C,LC,LC,C,LC,PC,PC,PC,C,PC,LC,LC,LC,LC,LC,LC,LC,LC,LC,LC,C,PC,LC,LC,LC,PC,C,PC,LC,LC,LC,PC,LC,C,LC,LC,LC,LC,PC,PC,,,,,,,,,,,,,,,,,,,,,,,,,,,,,,,,,,,,,,,,,,,,,,,,,,,,,,,,,,,,,,,,,,,,,,,,,,,,,,,,,,,,,,,,,,,,,,,,,,,,,,,,,,,,,,,,,,,,,,,,,,,,,,,,,,,,,,,,,,,,,,,,,,,,,,,,,,,,,,,,,,,,,,,,,,,,,,,,,,,,,,,,,,,,,,,,,,,,,,,,
Latvia,FUR1,Dec/19,MONEYVAL,ME,SE,ME,ME,LE,ME,ME,ME,ME,ME,LE,C,C,LC,C,LC,LC,LC,LC,C,LC,LC,LC,LC,LC,LC,LC,LC,LC,LC,LC,C,LC,LC,LC,LC,LC,C,LC,LC,LC,LC,LC,LC,C,LC,LC,LC,LC,LC,LC,11,,,,,,,,,,,,,,,,,,,,,,,,,,,,,,,,,,,,,,,,,,,,,,,,,,,,,,,,,,,,,,,,,,,,,,,,,,,,,,,,,,,,,,,,,,,,,,,,,,,,,,,,,,,,,,,,,,,,,,,,,,,,,,,,,,,,,,,,,,,,,,,,,,,,,,,,,,,,,,,,,,,,,,,,,,,,,,,,,,,,,,,,,,,,,,,,,,,,,,,
Lithuania,MER,Feb/19,MONEYVAL,ME,SE,ME,ME,ME,ME,ME,ME,ME,ME,ME,PC,PC,LC,LC,LC,PC,PC,LC,C,LC,C,C,LC,LC,C,LC,C,LC,LC,LC,C,LC,LC,PC,LC,PC,C,PC,LC,C,LC,PC,LC,LC,LC,C,LC,LC,LC,LC,,,,,,,,,,,,,,,,,,,,,,,,,,,,,,,,,,,,,,,,,,,,,,,,,,,,,,,,,,,,,,,,,,,,,,,,,,,,,,,,,,,,,,,,,,,,,,,,,,,,,,,,,,,,,,,,,,,,,,,,,,,,,,,,,,,,,,,,,,,,,,,,,,,,,,,,,,,,,,,,,,,,,,,,,,,,,,,,,,,,,,,,,,,,,,,,,,,,,,,,
"Macao, China",MER+FUR,Oct/19,APG,ME,SE,SE,ME,SE,SE,LE,LE,ME,SE,SE,LC,LC,LC,C,LC,C,C,LC,C,C,C,C,C,C,C,LC,C,C,C,C,C,LC,LC,LC,LC,C,C,LC,C,LC,C,LC,LC,C,C,LC,C,LC,LC,LC,,,,,,,,,,,,,,,,,,,,,,,,,,,,,,,,,,,,,,,,,,,,,,,,,,,,,,,,,,,,,,,,,,,,,,,,,,,,,,,,,,,,,,,,,,,,,,,,,,,,,,,,,,,,,,,,,,,,,,,,,,,,,,,,,,,,,,,,,,,,,,,,,,,,,,,,,,,,,,,,,,,,,,,,,,,,,,,,,,,,,,,,,,,,,,,,,,,,,,,,
"Macao, China",MER,Dec/17,APG,ME,SE,SE,ME,SE,SE,LE,LE,ME,SE,SE,LC,LC,LC,C,LC,C,C,LC,C,C,C,C,C,C,C,LC,C,C,C,C,C,PC,PC,LC,LC,C,C,LC,C,LC,C,NC,LC,C,C,LC,C,LC,LC,LC,,,,,,,,,,,,,,,,,,,,,,,,,,,,,,,,,,,,,,,,,,,,,,,,,,,,,,,,,,,,,,,,,,,,,,,,,,,,,,,,,,,,,,,,,,,,,,,,,,,,,,,,,,,,,,,,,,,,,,,,,,,,,,,,,,,,,,,,,,,,,,,,,,,,,,,,,,,,,,,,,,,,,,,,,,,,,,,,,,,,,,,,,,,,,,,,,,,,,,,,
"Macao, China",FUR1,Oct/19,APG,ME,SE,SE,ME,SE,SE,LE,LE,ME,SE,SE,LC,LC,LC,C,LC,C,C,LC,C,C,C,C,C,C,C,LC,C,C,C,C,C,LC,LC,LC,LC,C,C,LC,C,LC,C,LC,LC,C,C,LC,C,LC,LC,LC,,,,,,,,,,,,,,,,,,,,,,,,,,,,,,,,,,,,,,,,,,,,,,,,,,,,,,,,,,,,,,,,,,,,,,,,,,,,,,,,,,,,,,,,,,,,,,,,,,,,,,,,,,,,,,,,,,,,,,,,,,,,,,,,,,,,,,,,,,,,,,,,,,,,,,,,,,,,,,,,,,,,,,,,,,,,,,,,,,,,,,,,,,,,,,,,,,,,,,,,
Madagascar,MER,Sep/18,ESAAMLG/WB,LE,LE,LE,LE,LE,ME,LE,LE,LE,LE,LE,NC,PC,LC,LC,PC,NC,NC,PC,C,NC,PC,PC,PC,PC,NC,NC,PC,LC,PC,LC,C,NC,NC,PC,NC,PC,LC,NC,LC,C,C,PC,PC,NC,NC,PC,LC,LC,LC,PC,,,,,,,,,,,,,,,,,,,,,,,,,,,,,,,,,,,,,,,,,,,,,,,,,,,,,,,,,,,,,,,,,,,,,,,,,,,,,,,,,,,,,,,,,,,,,,,,,,,,,,,,,,,,,,,,,,,,,,,,,,,,,,,,,,,,,,,,,,,,,,,,,,,,,,,,,,,,,,,,,,,,,,,,,,,,,,,,,,,,,,,,,,,,,,,,,,,,,,,,
Malawi,MER,Sep/19,ESAAMLG,ME,ME,ME,ME,LE,ME,ME,ME,LE,LE,LE,LC,PC,PC,C,PC,LC,PC,NC,C,LC,C,C,C,C,PC,PC,C,C,C,LC,C,LC,LC,PC,PC,C,C,C,C,C,LC,LC,PC,PC,LC,C,LC,C,LC,LC,,,,,,,,,,,,,,,,,,,,,,,,,,,,,,,,,,,,,,,,,,,,,,,,,,,,,,,,,,,,,,,,,,,,,,,,,,,,,,,,,,,,,,,,,,,,,,,,,,,,,,,,,,,,,,,,,,,,,,,,,,,,,,,,,,,,,,,,,,,,,,,,,,,,,,,,,,,,,,,,,,,,,,,,,,,,,,,,,,,,,,,,,,,,,,,,,,,,,,,,
Malaysia,MER+FUR,Oct/18,APG/FATF,SE,ME,SE,ME,ME,SE,ME,ME,ME,SE,ME,LC,C,LC,LC,C,C,C,LC,LC,C,LC,LC,LC,C,C,C,LC,C,C,C,C,LC,LC,PC,PC,C,C,LC,C,C,C,C,C,C,LC,LC,LC,LC,LC,LC,,,,,,,,,,,,,,,,,,,,,,,,,,,,,,,,,,,,,,,,,,,,,,,,,,,,,,,,,,,,,,,,,,,,,,,,,,,,,,,,,,,,,,,,,,,,,,,,,,,,,,,,,,,,,,,,,,,,,,,,,,,,,,,,,,,,,,,,,,,,,,,,,,,,,,,,,,,,,,,,,,,,,,,,,,,,,,,,,,,,,,,,,,,,,,,,,,,,,,,,
Malaysia,MER,Sep/15,APG/FATF,SE,ME,SE,ME,ME,SE,ME,ME,ME,SE,ME,LC,C,LC,LC,LC,C,PC,LC,LC,C,LC,LC,LC,C,C,C,LC,C,C,C,C,LC,LC,PC,PC,C,C,LC,C,C,C,LC,C,LC,LC,LC,LC,LC,LC,LC,,,,,,,,,,,,,,,,,,,,,,,,,,,,,,,,,,,,,,,,,,,,,,,,,,,,,,,,,,,,,,,,,,,,,,,,,,,,,,,,,,,,,,,,,,,,,,,,,,,,,,,,,,,,,,,,,,,,,,,,,,,,,,,,,,,,,,,,,,,,,,,,,,,,,,,,,,,,,,,,,,,,,,,,,,,,,,,,,,,,,,,,,,,,,,,,,,,,,,,,
Malaysia,FUR1,Oct/18,APG/FATF,SE,ME,SE,ME,ME,SE,ME,ME,ME,SE,ME,LC,C,LC,LC,C,C,C,LC,LC,C,LC,LC,LC,C,C,C,LC,C,C,C,C,LC,LC,PC,PC,C,C,LC,C,C,C,C,C,C,LC,LC,LC,LC,LC,LC,4,,,,,,,,,,,,,,,,,,,,,,,,,,,,,,,,,,,,,,,,,,,,,,,,,,,,,,,,,,,,,,,,,,,,,,,,,,,,,,,,,,,,,,,,,,,,,,,,,,,,,,,,,,,,,,,,,,,,,,,,,,,,,,,,,,,,,,,,,,,,,,,,,,,,,,,,,,,,,,,,,,,,,,,,,,,,,,,,,,,,,,,,,,,,,,,,,,,,,,,
Malta,MER,Jul/19,MONEYVAL,ME,SE,LE,ME,ME,ME,LE,LE,ME,ME,SE,LC,C,C,C,LC,LC,C,PC,C,LC,C,LC,PC,LC,PC,LC,LC,LC,C,PC,C,LC,LC,PC,LC,PC,LC,PC,LC,LC,LC,LC,C,LC,LC,PC,LC,PC,C,LC,,,,,,,,,,,,,,,,,,,,,,,,,,,,,,,,,,,,,,,,,,,,,,,,,,,,,,,,,,,,,,,,,,,,,,,,,,,,,,,,,,,,,,,,,,,,,,,,,,,,,,,,,,,,,,,,,,,,,,,,,,,,,,,,,,,,,,,,,,,,,,,,,,,,,,,,,,,,,,,,,,,,,,,,,,,,,,,,,,,,,,,,,,,,,,,,,,,,,,,,
Mauritania,MER+FUR,Apr/19,MENAFATF,LE,LE,LE,LE,LE,LE,LE,LE,LE,LE,LE,NC,NC,LC,PC,PC,PC,NC,NC,LC,NC,PC,PC,LC,PC,NC,PC,PC,PC,NC,PC,PC,PC,PC,NC,NC,PC,PC,NC,LC,PC,PC,PC,PC,PC,PC,LC,LC,NC,PC,PC,,,,,,,,,,,,,,,,,,,,,,,,,,,,,,,,,,,,,,,,,,,,,,,,,,,,,,,,,,,,,,,,,,,,,,,,,,,,,,,,,,,,,,,,,,,,,,,,,,,,,,,,,,,,,,,,,,,,,,,,,,,,,,,,,,,,,,,,,,,,,,,,,,,,,,,,,,,,,,,,,,,,,,,,,,,,,,,,,,,,,,,,,,,,,,,,,,,,,,,,
Mauritania,MER,Nov/18,MENAFATF,LE,LE,LE,LE,LE,LE,LE,LE,LE,LE,LE,NC,NC,LC,PC,PC,PC,NC,NC,LC,NC,PC,PC,PC,PC,NC,PC,NC,NC,NC,PC,PC,PC,PC,NC,NC,PC,PC,NC,LC,PC,PC,PC,PC,PC,PC,LC,LC,NC,PC,PC,,,,,,,,,,,,,,,,,,,,,,,,,,,,,,,,,,,,,,,,,,,,,,,,,,,,,,,,,,,,,,,,,,,,,,,,,,,,,,,,,,,,,,,,,,,,,,,,,,,,,,,,,,,,,,,,,,,,,,,,,,,,,,,,,,,,,,,,,,,,,,,,,,,,,,,,,,,,,,,,,,,,,,,,,,,,,,,,,,,,,,,,,,,,,,,,,,,,,,,,
Mauritania,FUR1,Apr/19,MENAFATF,LE,LE,LE,LE,LE,LE,LE,LE,LE,LE,LE,NC,NC,LC,PC,PC,PC,NC,NC,LC,NC,PC,PC,LC,PC,NC,PC,PC,PC,NC,PC,PC,PC,PC,NC,NC,PC,PC,NC,LC,PC,PC,PC,PC,PC,PC,LC,LC,NC,PC,PC,3,,,,,,,,,,,,,,,,,,,,,,,,,,,,,,,,,,,,,,,,,,,,,,,,,,,,,,,,,,,,,,,,,,,,,,,,,,,,,,,,,,,,,,,,,,,,,,,,,,,,,,,,,,,,,,,,,,,,,,,,,,,,,,,,,,,,,,,,,,,,,,,,,,,,,,,,,,,,,,,,,,,,,,,,,,,,,,,,,,,,,,,,,,,,,,,,,,,,,,,
Mauritius,MER+FUR,Sep/19,ESAAMLG,LE,ME,LE,ME,LE,ME,ME,LE,LE,LE,LE,C,C,C,C,C,C,C,NC,C,C,LC,C,C,C,C,C,C,C,C,C,C,C,C,PC,LC,PC,C,LC,C,C,C,PC,PC,LC,C,LC,LC,LC,LC,LC,,,,,,,,,,,,,,,,,,,,,,,,,,,,,,,,,,,,,,,,,,,,,,,,,,,,,,,,,,,,,,,,,,,,,,,,,,,,,,,,,,,,,,,,,,,,,,,,,,,,,,,,,,,,,,,,,,,,,,,,,,,,,,,,,,,,,,,,,,,,,,,,,,,,,,,,,,,,,,,,,,,,,,,,,,,,,,,,,,,,,,,,,,,,,,,,,,,,,,,,
Mauritius,MER,Jul/18,ESAAMLG,LE,ME,LE,ME,LE,ME,ME,LE,LE,LE,LE,NC,PC,LC,LC,PC,NC,NC,NC,PC,NC,LC,PC,NC,PC,NC,NC,NC,PC,PC,C,PC,NC,NC,NC,PC,PC,LC,NC,LC,C,C,PC,PC,LC,PC,LC,LC,LC,LC,LC,,,,,,,,,,,,,,,,,,,,,,,,,,,,,,,,,,,,,,,,,,,,,,,,,,,,,,,,,,,,,,,,,,,,,,,,,,,,,,,,,,,,,,,,,,,,,,,,,,,,,,,,,,,,,,,,,,,,,,,,,,,,,,,,,,,,,,,,,,,,,,,,,,,,,,,,,,,,,,,,,,,,,,,,,,,,,,,,,,,,,,,,,,,,,,,,,,,,,,,,
Mauritius,FUR1,Apr/19,ESAAMLG,LE,ME,LE,ME,LE,ME,ME,LE,LE,LE,LE,NC,PC,LC,LC,PC,NC,NC,NC,C,LC,LC,C,C,C,PC,LC,C,C,PC,C,PC,LC,NC,NC,PC,PC,C,NC,LC,C,C,PC,PC,LC,PC,LC,LC,LC,LC,LC,11,,,,,,,,,,,,,,,,,,,,,,,,,,,,,,,,,,,,,,,,,,,,,,,,,,,,,,,,,,,,,,,,,,,,,,,,,,,,,,,,,,,,,,,,,,,,,,,,,,,,,,,,,,,,,,,,,,,,,,,,,,,,,,,,,,,,,,,,,,,,,,,,,,,,,,,,,,,,,,,,,,,,,,,,,,,,,,,,,,,,,,,,,,,,,,,,,,,,,,,
Mauritius,FUR2,Sep/19,ESAAMLG,LE,ME,LE,ME,LE,ME,ME,LE,LE,LE,LE,C,C,C,C,C,C,C,NC,C,C,LC,C,C,C,C,C,C,C,C,C,C,C,C,PC,LC,PC,C,LC,C,C,C,PC,PC,LC,C,LC,LC,LC,LC,LC,19,,,,,,,,,,,,,,,,,,,,,,,,,,,,,,,,,,,,,,,,,,,,,,,,,,,,,,,,,,,,,,,,,,,,,,,,,,,,,,,,,,,,,,,,,,,,,,,,,,,,,,,,,,,,,,,,,,,,,,,,,,,,,,,,,,,,,,,,,,,,,,,,,,,,,,,,,,,,,,,,,,,,,,,,,,,,,,,,,,,,,,,,,,,,,,,,,,,,,,,
Mexico,MER,Jan/18,IMF/FATF/GAFILAT,SE,SE,ME,LE,ME,ME,LE,LE,ME,SE,SE,LC,LC,C,LC,LC,C,C,PC,C,PC,LC,PC,LC,LC,PC,PC,PC,PC,LC,PC,LC,PC,NC,PC,LC,LC,LC,PC,C,LC,LC,PC,PC,LC,LC,LC,PC,PC,LC,LC,,,,,,,,,,,,,,,,,,,,,,,,,,,,,,,,,,,,,,,,,,,,,,,,,,,,,,,,,,,,,,,,,,,,,,,,,,,,,,,,,,,,,,,,,,,,,,,,,,,,,,,,,,,,,,,,,,,,,,,,,,,,,,,,,,,,,,,,,,,,,,,,,,,,,,,,,,,,,,,,,,,,,,,,,,,,,,,,,,,,,,,,,,,,,,,,,,,,,,,,
Moldova,MER,Jul/19,MONEYVAL,SE,SE,ME,ME,ME,ME,ME,ME,SE,ME,LE,LC,LC,LC,C,LC,PC,PC,PC,LC,PC,LC,PC,LC,C,LC,LC,LC,LC,PC,C,C,PC,PC,PC,PC,C,LC,LC,C,C,LC,LC,LC,C,C,LC,LC,PC,LC,LC,,,,,,,,,,,,,,,,,,,,,,,,,,,,,,,,,,,,,,,,,,,,,,,,,,,,,,,,,,,,,,,,,,,,,,,,,,,,,,,,,,,,,,,,,,,,,,,,,,,,,,,,,,,,,,,,,,,,,,,,,,,,,,,,,,,,,,,,,,,,,,,,,,,,,,,,,,,,,,,,,,,,,,,,,,,,,,,,,,,,,,,,,,,,,,,,,,,,,,,,
Mongolia,MER+FUR,Oct/19,APG,LE,ME,LE,LE,LE,LE,LE,ME,LE,LE,LE,PC,LC,LC,LC,LC,LC,LC,PC,LC,LC,C,LC,LC,PC,LC,LC,LC,LC,LC,LC,C,LC,LC,LC,LC,LC,LC,PC,C,C,C,LC,LC,LC,PC,C,C,LC,LC,LC,,,,,,,,,,,,,,,,,,,,,,,,,,,,,,,,,,,,,,,,,,,,,,,,,,,,,,,,,,,,,,,,,,,,,,,,,,,,,,,,,,,,,,,,,,,,,,,,,,,,,,,,,,,,,,,,,,,,,,,,,,,,,,,,,,,,,,,,,,,,,,,,,,,,,,,,,,,,,,,,,,,,,,,,,,,,,,,,,,,,,,,,,,,,,,,,,,,,,,,,
Mongolia,MER,Sep/17,APG,LE,ME,LE,LE,LE,LE,LE,ME,LE,LE,LE,PC,PC,LC,LC,LC,PC,NC,PC,LC,LC,C,LC,LC,PC,LC,LC,NC,LC,PC,LC,PC,NC,NC,PC,PC,PC,LC,NC,PC,C,C,PC,PC,PC,PC,C,C,LC,LC,LC,,,,,,,,,,,,,,,,,,,,,,,,,,,,,,,,,,,,,,,,,,,,,,,,,,,,,,,,,,,,,,,,,,,,,,,,,,,,,,,,,,,,,,,,,,,,,,,,,,,,,,,,,,,,,,,,,,,,,,,,,,,,,,,,,,,,,,,,,,,,,,,,,,,,,,,,,,,,,,,,,,,,,,,,,,,,,,,,,,,,,,,,,,,,,,,,,,,,,,,,
Mongolia,FUR1,Oct/19,APG,LE,ME,LE,LE,LE,LE,LE,ME,LE,LE,LE,PC,LC,LC,LC,LC,LC,LC,PC,LC,LC,C,LC,LC,PC,LC,LC,LC,LC,LC,LC,C,LC,LC,LC,LC,LC,LC,PC,C,C,C,LC,LC,LC,PC,C,C,LC,LC,LC,16,,,,,,,,,,,,,,,,,,,,,,,,,,,,,,,,,,,,,,,,,,,,,,,,,,,,,,,,,,,,,,,,,,,,,,,,,,,,,,,,,,,,,,,,,,,,,,,,,,,,,,,,,,,,,,,,,,,,,,,,,,,,,,,,,,,,,,,,,,,,,,,,,,,,,,,,,,,,,,,,,,,,,,,,,,,,,,,,,,,,,,,,,,,,,,,,,,,,,,,
Morocco,MER,Jun/19,MENAFATF,ME,ME,ME,ME,LE,ME,LE,ME,SE,ME,LE,PC,PC,LC,PC,LC,PC,NC,NC,C,PC,LC,PC,PC,LC,PC,LC,PC,PC,PC,PC,C,PC,PC,PC,NC,PC,LC,PC,LC,PC,PC,NC,PC,PC,PC,LC,LC,PC,LC,PC,,,,,,,,,,,,,,,,,,,,,,,,,,,,,,,,,,,,,,,,,,,,,,,,,,,,,,,,,,,,,,,,,,,,,,,,,,,,,,,,,,,,,,,,,,,,,,,,,,,,,,,,,,,,,,,,,,,,,,,,,,,,,,,,,,,,,,,,,,,,,,,,,,,,,,,,,,,,,,,,,,,,,,,,,,,,,,,,,,,,,,,,,,,,,,,,,,,,,,,,
Myanmar,MER+FUR,Aug/19,APG,LE,LE,LE,LE,LE,ME,LE,LE,LE,LE,LE,LC,LC,C,LC,LC,LC,NC,PC,C,PC,C,PC,PC,NC,LC,LC,C,LC,PC,C,LC,PC,PC,NC,NC,PC,C,NC,PC,LC,LC,PC,PC,PC,PC,PC,PC,PC,PC,LC,,,,,,,,,,,,,,,,,,,,,,,,,,,,,,,,,,,,,,,,,,,,,,,,,,,,,,,,,,,,,,,,,,,,,,,,,,,,,,,,,,,,,,,,,,,,,,,,,,,,,,,,,,,,,,,,,,,,,,,,,,,,,,,,,,,,,,,,,,,,,,,,,,,,,,,,,,,,,,,,,,,,,,,,,,,,,,,,,,,,,,,,,,,,,,,,,,,,,,,,
Myanmar,MER,Sep/18,APG,LE,LE,LE,LE,LE,ME,LE,LE,LE,LE,LE,PC,LC,C,LC,LC,LC,NC,PC,C,PC,C,PC,PC,NC,LC,LC,C,C,NC,C,LC,PC,PC,NC,NC,PC,C,NC,PC,LC,LC,PC,PC,PC,PC,PC,PC,PC,PC,LC,,,,,,,,,,,,,,,,,,,,,,,,,,,,,,,,,,,,,,,,,,,,,,,,,,,,,,,,,,,,,,,,,,,,,,,,,,,,,,,,,,,,,,,,,,,,,,,,,,,,,,,,,,,,,,,,,,,,,,,,,,,,,,,,,,,,,,,,,,,,,,,,,,,,,,,,,,,,,,,,,,,,,,,,,,,,,,,,,,,,,,,,,,,,,,,,,,,,,,,,
Myanmar,FUR1,Aug/19,APG,LE,LE,LE,LE,LE,ME,LE,LE,LE,LE,LE,LC,LC,C,LC,LC,LC,NC,PC,C,PC,C,PC,PC,NC,LC,LC,C,LC,PC,C,LC,PC,PC,NC,NC,PC,C,NC,PC,LC,LC,PC,PC,PC,PC,PC,PC,PC,PC,LC,2,1,,,,,,,,,,,,,,,,,,,,,,,,,,,,,,,,,,,,,,,,,,,,,,,,,,,,,,,,,,,,,,,,,,,,,,,,,,,,,,,,,,,,,,,,,,,,,,,,,,,,,,,,,,,,,,,,,,,,,,,,,,,,,,,,,,,,,,,,,,,,,,,,,,,,,,,,,,,,,,,,,,,,,,,,,,,,,,,,,,,,,,,,,,,,,,,,,,,,,,
Nicaragua,MER+FUR,Jan/19,GAFILAT,ME,ME,LE,ME,LE,ME,ME,SE,ME,ME,LE,PC,LC,LC,LC,LC,LC,LC,PC,LC,C,C,C,C,PC,PC,LC,LC,LC,LC,LC,LC,PC,PC,PC,LC,LC,LC,PC,C,C,LC,LC,LC,LC,PC,LC,LC,LC,LC,LC,,,,,,,,,,,,,,,,,,,,,,,,,,,,,,,,,,,,,,,,,,,,,,,,,,,,,,,,,,,,,,,,,,,,,,,,,,,,,,,,,,,,,,,,,,,,,,,,,,,,,,,,,,,,,,,,,,,,,,,,,,,,,,,,,,,,,,,,,,,,,,,,,,,,,,,,,,,,,,,,,,,,,,,,,,,,,,,,,,,,,,,,,,,,,,,,,,,,,,,,
Nicaragua,MER,Oct/17,GAFILAT,ME,ME,LE,ME,LE,ME,ME,SE,ME,ME,LE,PC,LC,LC,LC,PC,LC,NC,PC,LC,PC,PC,PC,C,PC,PC,LC,LC,LC,LC,PC,PC,NC,NC,NC,NC,PC,LC,NC,C,C,LC,LC,LC,LC,PC,LC,LC,LC,LC,LC,,,,,,,,,,,,,,,,,,,,,,,,,,,,,,,,,,,,,,,,,,,,,,,,,,,,,,,,,,,,,,,,,,,,,,,,,,,,,,,,,,,,,,,,,,,,,,,,,,,,,,,,,,,,,,,,,,,,,,,,,,,,,,,,,,,,,,,,,,,,,,,,,,,,,,,,,,,,,,,,,,,,,,,,,,,,,,,,,,,,,,,,,,,,,,,,,,,,,,,,
Nicaragua,FUR1,Jan/19,GAFILAT,ME,ME,LE,ME,LE,ME,ME,SE,ME,ME,LE,PC,LC,LC,LC,LC,LC,NC,PC,LC,PC,C,PC,C,PC,PC,LC,LC,LC,LC,LC,LC,PC,PC,PC,NC,LC,LC,PC,C,C,LC,LC,LC,LC,PC,LC,LC,LC,LC,LC,9,,,,,,,,,,,,,,,,,,,,,,,,,,,,,,,,,,,,,,,,,,,,,,,,,,,,,,,,,,,,,,,,,,,,,,,,,,,,,,,,,,,,,,,,,,,,,,,,,,,,,,,,,,,,,,,,,,,,,,,,,,,,,,,,,,,,,,,,,,,,,,,,,,,,,,,,,,,,,,,,,,,,,,,,,,,,,,,,,,,,,,,,,,,,,,,,,,,,,,,
Nicaragua,FUR2,Aug/19,GAFILAT,ME,ME,LE,ME,LE,ME,ME,SE,ME,ME,LE,PC,LC,LC,LC,LC,LC,LC,PC,LC,C,C,C,C,PC,PC,LC,LC,LC,LC,LC,LC,PC,PC,PC,LC,LC,LC,PC,C,C,LC,LC,LC,LC,PC,LC,LC,LC,LC,LC,4,,,,,,,,,,,,,,,,,,,,,,,,,,,,,,,,,,,,,,,,,,,,,,,,,,,,,,,,,,,,,,,,,,,,,,,,,,,,,,,,,,,,,,,,,,,,,,,,,,,,,,,,,,,,,,,,,,,,,,,,,,,,,,,,,,,,,,,,,,,,,,,,,,,,,,,,,,,,,,,,,,,,,,,,,,,,,,,,,,,,,,,,,,,,,,,,,,,,,,,
Norway,MER+FUR+FUAR,Dec/19,FATF,SE,SE,ME,ME,ME,SE,ME,ME,SE,ME,SE,LC,LC,C,C,C,PC,C,LC,C,LC,C,C,PC,C,C,PC,LC,LC,LC,C,C,LC,LC,PC,C,C,C,C,LC,C,LC,C,PC,LC,C,C,LC,LC,LC,LC,,,,,,,,,,,,,,,,,,,,,,,,,,,,,,,,,,,,,,,,,,,,,,,,,,,,,,,,,,,,,,,,,,,,,,,,,,,,,,,,,,,,,,,,,,,,,,,,,,,,,,,,,,,,,,,,,,,,,,,,,,,,,,,,,,,,,,,,,,,,,,,,,,,,,,,,,,,,,,,,,,,,,,,,,,,,,,,,,,,,,,,,,,,,,,,,,,,,,,,,
Norway,MER,Dec/14,FATF,ME,SE,ME,ME,ME,ME,ME,ME,SE,ME,ME,PC,PC,C,LC,LC,PC,PC,LC,LC,PC,LC,PC,PC,LC,PC,PC,PC,PC,LC,C,LC,PC,LC,PC,PC,PC,LC,PC,LC,C,LC,C,PC,LC,PC,C,LC,LC,LC,LC,,,,,,,,,,,,,,,,,,,,,,,,,,,,,,,,,,,,,,,,,,,,,,,,,,,,,,,,,,,,,,,,,,,,,,,,,,,,,,,,,,,,,,,,,,,,,,,,,,,,,,,,,,,,,,,,,,,,,,,,,,,,,,,,,,,,,,,,,,,,,,,,,,,,,,,,,,,,,,,,,,,,,,,,,,,,,,,,,,,,,,,,,,,,,,,,,,,,,,,,
Norway,FUR1,Mar/18,FATF,ME,SE,ME,ME,ME,ME,ME,ME,SE,ME,ME,LC,LC,C,C,C,PC,C,LC,LC,PC,LC,PC,PC,LC,LC,PC,PC,PC,LC,C,LC,PC,LC,PC,PC,LC,LC,LC,LC,C,LC,C,PC,LC,PC,C,LC,LC,LC,LC,8,,,,,,,,,,,,,,,,,,,,,,,,,,,,,,,,,,,,,,,,,,,,,,,,,,,,,,,,,,,,,,,,,,,,,,,,,,,,,,,,,,,,,,,,,,,,,,,,,,,,,,,,,,,,,,,,,,,,,,,,,,,,,,,,,,,,,,,,,,,,,,,,,,,,,,,,,,,,,,,,,,,,,,,,,,,,,,,,,,,,,,,,,,,,,,,,,,,,,,,
Norway,FUR2,Mar/19,FATF,ME,SE,ME,ME,ME,ME,ME,ME,SE,ME,ME,LC,LC,C,C,C,PC,C,LC,C,LC,C,C,PC,C,C,PC,LC,LC,LC,C,C,LC,LC,PC,C,C,C,C,LC,C,LC,C,PC,LC,C,C,LC,LC,LC,LC,15,,,,,,,,,,,,,,,,,,,,,,,,,,,,,,,,,,,,,,,,,,,,,,,,,,,,,,,,,,,,,,,,,,,,,,,,,,,,,,,,,,,,,,,,,,,,,,,,,,,,,,,,,,,,,,,,,,,,,,,,,,,,,,,,,,,,,,,,,,,,,,,,,,,,,,,,,,,,,,,,,,,,,,,,,,,,,,,,,,,,,,,,,,,,,,,,,,,,,,,
Norway,FUAR,Dec/19,FATF,SE,SE,ME,ME,ME,SE,ME,ME,SE,ME,SE,LC,LC,C,C,C,PC,C,LC,C,LC,C,C,PC,C,C,PC,LC,LC,LC,C,C,LC,LC,PC,C,C,C,C,LC,C,LC,C,PC,LC,C,C,LC,LC,LC,LC,15,,,,,,,,,,,,,,,,,,,,,,,,,,,,,,,,,,,,,,,,,,,,,,,,,,,,,,,,,,,,,,,,,,,,,,,,,,,,,,,,,,,,,,,,,,,,,,,,,,,,,,,,,,,,,,,,,,,,,,,,,,,,,,,,,,,,,,,,,,,,,,,,,,,,,,,,,,,,,,,,,,,,,,,,,,,,,,,,,,,,,,,,,,,,,,,,,,,,,,,
Pakistan,MER,Oct/19,APG,LE,ME,LE,LE,LE,LE,LE,LE,LE,LE,LE,PC,LC,LC,LC,LC,PC,PC,PC,C,PC,LC,PC,LC,PC,PC,LC,PC,PC,PC,PC,PC,NC,PC,PC,NC,PC,PC,NC,PC,PC,PC,PC,PC,PC,PC,LC,PC,NC,LC,PC,,,,,,,,,,,,,,,,,,,,,,,,,,,,,,,,,,,,,,,,,,,,,,,,,,,,,,,,,,,,,,,,,,,,,,,,,,,,,,,,,,,,,,,,,,,,,,,,,,,,,,,,,,,,,,,,,,,,,,,,,,,,,,,,,,,,,,,,,,,,,,,,,,,,,,,,,,,,,,,,,,,,,,,,,,,,,,,,,,,,,,,,,,,,,,,,,,,,,,,,
Palau,MER,Sep/18,APG,ME,SE,ME,ME,LE,ME,ME,ME,LE,ME,LE,PC,LC,LC,LC,LC,LC,NC,NC,C,PC,C,PC,PC,NC,PC,PC,PC,C,PC,LC,C,NC,PC,NC,PC,PC,C,NC,LC,LC,LC,LC,LC,PC,PC,NC,LC,LC,LC,LC,,,,,,,,,,,,,,,,,,,,,,,,,,,,,,,,,,,,,,,,,,,,,,,,,,,,,,,,,,,,,,,,,,,,,,,,,,,,,,,,,,,,,,,,,,,,,,,,,,,,,,,,,,,,,,,,,,,,,,,,,,,,,,,,,,,,,,,,,,,,,,,,,,,,,,,,,,,,,,,,,,,,,,,,,,,,,,,,,,,,,,,,,,,,,,,,,,,,,,,,
Panama,MER+FUR,Aug/19,GAFILAT,LE,ME,ME,ME,LE,LE,ME,ME,ME,SE,SE,LC,LC,LC,C,LC,LC,LC,LC,C,LC,LC,C,C,C,C,LC,LC,C,LC,C,C,LC,LC,PC,PC,LC,LC,LC,C,C,LC,C,C,C,LC,C,LC,LC,LC,LC,,,,,,,,,,,,,,,,,,,,,,,,,,,,,,,,,,,,,,,,,,,,,,,,,,,,,,,,,,,,,,,,,,,,,,,,,,,,,,,,,,,,,,,,,,,,,,,,,,,,,,,,,,,,,,,,,,,,,,,,,,,,,,,,,,,,,,,,,,,,,,,,,,,,,,,,,,,,,,,,,,,,,,,,,,,,,,,,,,,,,,,,,,,,,,,,,,,,,,,,
Panama,MER,Jan/18,GAFILAT,LE,ME,ME,ME,LE,LE,ME,ME,ME,SE,SE,LC,LC,PC,C,LC,LC,LC,LC,C,LC,LC,C,C,PC,C,LC,LC,C,PC,PC,C,LC,LC,NC,PC,LC,LC,LC,C,PC,LC,LC,PC,C,LC,C,LC,LC,LC,LC,,,,,,,,,,,,,,,,,,,,,,,,,,,,,,,,,,,,,,,,,,,,,,,,,,,,,,,,,,,,,,,,,,,,,,,,,,,,,,,,,,,,,,,,,,,,,,,,,,,,,,,,,,,,,,,,,,,,,,,,,,,,,,,,,,,,,,,,,,,,,,,,,,,,,,,,,,,,,,,,,,,,,,,,,,,,,,,,,,,,,,,,,,,,,,,,,,,,,,,,
Panama,FUR1,Jan/19,GAFILAT,LE,ME,ME,ME,LE,LE,ME,ME,ME,SE,SE,LC,LC,PC,C,LC,LC,LC,LC,C,LC,LC,C,C,C,C,LC,LC,C,LC,PC,C,LC,LC,NC,PC,LC,LC,LC,C,PC,LC,C,C,C,LC,C,LC,LC,LC,LC,4,,,,,,,,,,,,,,,,,,,,,,,,,,,,,,,,,,,,,,,,,,,,,,,,,,,,,,,,,,,,,,,,,,,,,,,,,,,,,,,,,,,,,,,,,,,,,,,,,,,,,,,,,,,,,,,,,,,,,,,,,,,,,,,,,,,,,,,,,,,,,,,,,,,,,,,,,,,,,,,,,,,,,,,,,,,,,,,,,,,,,,,,,,,,,,,,,,,,,,,
Panama,FUR2,Aug/19,GAFILAT,LE,ME,ME,ME,LE,LE,ME,ME,ME,SE,SE,LC,LC,LC,C,LC,LC,LC,LC,C,LC,LC,C,C,C,C,LC,LC,C,LC,C,C,LC,LC,PC,PC,LC,LC,LC,C,C,LC,C,C,C,LC,C,LC,LC,LC,LC,4,,,,,,,,,,,,,,,,,,,,,,,,,,,,,,,,,,,,,,,,,,,,,,,,,,,,,,,,,,,,,,,,,,,,,,,,,,,,,,,,,,,,,,,,,,,,,,,,,,,,,,,,,,,,,,,,,,,,,,,,,,,,,,,,,,,,,,,,,,,,,,,,,,,,,,,,,,,,,,,,,,,,,,,,,,,,,,,,,,,,,,,,,,,,,,,,,,,,,,,
Peru,MER,Feb/19,GAFILAT,ME,SE,ME,ME,LE,SE,LE,ME,ME,SE,SE,LC,C,C,C,C,LC,LC,PC,LC,LC,LC,LC,C,C,C,LC,PC,C,PC,C,C,LC,LC,PC,PC,LC,C,LC,C,LC,LC,LC,C,LC,PC,C,LC,C,C,LC,,,,,,,,,,,,,,,,,,,,,,,,,,,,,,,,,,,,,,,,,,,,,,,,,,,,,,,,,,,,,,,,,,,,,,,,,,,,,,,,,,,,,,,,,,,,,,,,,,,,,,,,,,,,,,,,,,,,,,,,,,,,,,,,,,,,,,,,,,,,,,,,,,,,,,,,,,,,,,,,,,,,,,,,,,,,,,,,,,,,,,,,,,,,,,,,,,,,,,,,
Philippines,MER,Oct/19,APG,SE,ME,ME,ME,LE,ME,LE,LE,LE,LE,LE,LC,C,LC,PC,LC,PC,NC,LC,LC,LC,C,LC,C,LC,C,LC,C,LC,LC,PC,C,PC,PC,PC,PC,LC,LC,PC,PC,C,LC,PC,LC,LC,LC,LC,LC,C,PC,LC,,,,,,,,,,,,,,,,,,,,,,,,,,,,,,,,,,,,,,,,,,,,,,,,,,,,,,,,,,,,,,,,,,,,,,,,,,,,,,,,,,,,,,,,,,,,,,,,,,,,,,,,,,,,,,,,,,,,,,,,,,,,,,,,,,,,,,,,,,,,,,,,,,,,,,,,,,,,,,,,,,,,,,,,,,,,,,,,,,,,,,,,,,,,,,,,,,,,,,,,
Portugal,MER,Dec/17,FATF,SE,SE,ME,ME,ME,ME,SE,ME,SE,SE,SE,LC,LC,LC,C,LC,C,C,PC,LC,LC,C,LC,PC,C,LC,PC,LC,LC,LC,LC,C,PC,LC,PC,PC,LC,C,LC,LC,C,C,LC,LC,LC,LC,C,LC,C,C,LC,,,,,,,,,,,,,,,,,,,,,,,,,,,,,,,,,,,,,,,,,,,,,,,,,,,,,,,,,,,,,,,,,,,,,,,,,,,,,,,,,,,,,,,,,,,,,,,,,,,,,,,,,,,,,,,,,,,,,,,,,,,,,,,,,,,,,,,,,,,,,,,,,,,,,,,,,,,,,,,,,,,,,,,,,,,,,,,,,,,,,,,,,,,,,,,,,,,,,,,,
Russian Federation,MER,Dec/19,FATF/EAG/MONEYVAL,SE,SE,ME,ME,SE,HE,ME,SE,HE,ME,ME,LC,C,LC,LC,LC,PC,PC,LC,C,LC,LC,PC,LC,LC,C,PC,LC,LC,LC,C,LC,LC,LC,LC,PC,LC,LC,LC,C,LC,C,LC,C,LC,LC,LC,LC,LC,LC,LC,,,,,,,,,,,,,,,,,,,,,,,,,,,,,,,,,,,,,,,,,,,,,,,,,,,,,,,,,,,,,,,,,,,,,,,,,,,,,,,,,,,,,,,,,,,,,,,,,,,,,,,,,,,,,,,,,,,,,,,,,,,,,,,,,,,,,,,,,,,,,,,,,,,,,,,,,,,,,,,,,,,,,,,,,,,,,,,,,,,,,,,,,,,,,,,,,,,,,,,,
Samoa,MER+FUR,Sep/18,APG,ME,SE,LE,ME,ME,LE,LE,ME,ME,ME,LE,PC,LC,LC,LC,LC,PC,NC,PC,C,LC,C,PC,PC,C,PC,PC,PC,LC,NC,LC,C,PC,PC,PC,PC,PC,PC,PC,LC,C,LC,LC,LC,PC,PC,PC,LC,LC,LC,LC,,,,,,,,,,,,,,,,,,,,,,,,,,,,,,,,,,,,,,,,,,,,,,,,,,,,,,,,,,,,,,,,,,,,,,,,,,,,,,,,,,,,,,,,,,,,,,,,,,,,,,,,,,,,,,,,,,,,,,,,,,,,,,,,,,,,,,,,,,,,,,,,,,,,,,,,,,,,,,,,,,,,,,,,,,,,,,,,,,,,,,,,,,,,,,,,,,,,,,,,
Samoa,MER,Oct/15,APG,ME,SE,LE,ME,ME,LE,LE,ME,ME,ME,LE,PC,PC,PC,LC,PC,PC,NC,PC,C,PC,C,PC,PC,C,PC,PC,PC,LC,NC,LC,C,PC,PC,PC,PC,PC,PC,PC,LC,C,LC,LC,LC,PC,PC,PC,LC,LC,LC,LC,,,,,,,,,,,,,,,,,,,,,,,,,,,,,,,,,,,,,,,,,,,,,,,,,,,,,,,,,,,,,,,,,,,,,,,,,,,,,,,,,,,,,,,,,,,,,,,,,,,,,,,,,,,,,,,,,,,,,,,,,,,,,,,,,,,,,,,,,,,,,,,,,,,,,,,,,,,,,,,,,,,,,,,,,,,,,,,,,,,,,,,,,,,,,,,,,,,,,,,,
Samoa,FUR1,Oct/17,APG,ME,SE,LE,ME,ME,LE,LE,ME,ME,ME,LE,PC,LC,PC,LC,PC,PC,NC,PC,C,PC,C,PC,PC,C,PC,PC,PC,LC,NC,LC,C,PC,PC,PC,PC,PC,PC,PC,LC,C,LC,LC,LC,PC,PC,PC,LC,LC,LC,LC,1,,,,,,,,,,,,,,,,,,,,,,,,,,,,,,,,,,,,,,,,,,,,,,,,,,,,,,,,,,,,,,,,,,,,,,,,,,,,,,,,,,,,,,,,,,,,,,,,,,,,,,,,,,,,,,,,,,,,,,,,,,,,,,,,,,,,,,,,,,,,,,,,,,,,,,,,,,,,,,,,,,,,,,,,,,,,,,,,,,,,,,,,,,,,,,,,,,,,,,,
Samoa,FUR2,Sep/18,APG,ME,SE,LE,ME,ME,LE,LE,ME,ME,ME,LE,PC,LC,LC,LC,LC,PC,NC,PC,C,LC,C,PC,PC,C,PC,PC,PC,LC,NC,LC,C,PC,PC,PC,PC,PC,PC,PC,LC,C,LC,LC,LC,PC,PC,PC,LC,LC,LC,LC,3,,,,,,,,,,,,,,,,,,,,,,,,,,,,,,,,,,,,,,,,,,,,,,,,,,,,,,,,,,,,,,,,,,,,,,,,,,,,,,,,,,,,,,,,,,,,,,,,,,,,,,,,,,,,,,,,,,,,,,,,,,,,,,,,,,,,,,,,,,,,,,,,,,,,,,,,,,,,,,,,,,,,,,,,,,,,,,,,,,,,,,,,,,,,,,,,,,,,,,,
Saudi Arabia,MER,Sep/18,FATF/MENAFATF,SE,ME,SE,ME,ME,ME,LE,LE,SE,SE,LE,LC,LC,C,LC,C,PC,PC,LC,C,C,C,C,C,C,LC,LC,C,C,C,C,C,LC,C,LC,LC,C,C,C,LC,LC,LC,LC,PC,C,C,PC,LC,LC,LC,LC,,,,,,,,,,,,,,,,,,,,,,,,,,,,,,,,,,,,,,,,,,,,,,,,,,,,,,,,,,,,,,,,,,,,,,,,,,,,,,,,,,,,,,,,,,,,,,,,,,,,,,,,,,,,,,,,,,,,,,,,,,,,,,,,,,,,,,,,,,,,,,,,,,,,,,,,,,,,,,,,,,,,,,,,,,,,,,,,,,,,,,,,,,,,,,,,,,,,,,,,
Senegal,MER,May/18,GIABA,LE,LE,LE,LE,LE,ME,LE,LE,LE,LE,LE,PC,LC,LC,PC,PC,NC,NC,PC,C,PC,LC,NC,NC,LC,PC,PC,PC,PC,NC,C,C,PC,PC,PC,NC,PC,C,NC,LC,LC,PC,LC,PC,PC,PC,PC,C,PC,LC,LC,,,,,,,,,,,,,,,,,,,,,,,,,,,,,,,,,,,,,,,,,,,,,,,,,,,,,,,,,,,,,,,,,,,,,,,,,,,,,,,,,,,,,,,,,,,,,,,,,,,,,,,,,,,,,,,,,,,,,,,,,,,,,,,,,,,,,,,,,,,,,,,,,,,,,,,,,,,,,,,,,,,,,,,,,,,,,,,,,,,,,,,,,,,,,,,,,,,,,,,,
Serbia,MER+FUR,Dec/19,MONEYVAL,ME,ME,ME,ME,ME,ME,LE,ME,ME,LE,LE,LC,LC,LC,LC,LC,LC,LC,LC,LC,LC,LC,C,LC,LC,LC,LC,C,C,LC,C,C,PC,PC,LC,LC,LC,LC,PC,LC,LC,LC,LC,LC,LC,LC,LC,LC,LC,LC,PC,,,,,,,,,,,,,,,,,,,,,,,,,,,,,,,,,,,,,,,,,,,,,,,,,,,,,,,,,,,,,,,,,,,,,,,,,,,,,,,,,,,,,,,,,,,,,,,,,,,,,,,,,,,,,,,,,,,,,,,,,,,,,,,,,,,,,,,,,,,,,,,,,,,,,,,,,,,,,,,,,,,,,,,,,,,,,,,,,,,,,,,,,,,,,,,,,,,,,,,,
Serbia,MER,Jun/16,MONEYVAL,ME,ME,ME,ME,ME,ME,LE,ME,ME,LE,LE,PC,LC,LC,LC,LC,PC,NC,PC,LC,PC,LC,PC,PC,LC,LC,PC,C,PC,PC,C,C,PC,PC,LC,PC,PC,LC,PC,LC,LC,LC,LC,LC,LC,PC,LC,LC,LC,LC,PC,,,,,,,,,,,,,,,,,,,,,,,,,,,,,,,,,,,,,,,,,,,,,,,,,,,,,,,,,,,,,,,,,,,,,,,,,,,,,,,,,,,,,,,,,,,,,,,,,,,,,,,,,,,,,,,,,,,,,,,,,,,,,,,,,,,,,,,,,,,,,,,,,,,,,,,,,,,,,,,,,,,,,,,,,,,,,,,,,,,,,,,,,,,,,,,,,,,,,,,,
Serbia,FUR2,Dec/18,MONEYVAL,ME,ME,ME,ME,ME,ME,LE,ME,ME,LE,LE,LC,LC,LC,LC,LC,PC,LC,PC,LC,LC,LC,C,LC,LC,LC,LC,C,PC,LC,C,C,PC,PC,LC,LC,LC,LC,PC,LC,LC,LC,LC,LC,LC,LC,LC,LC,LC,LC,PC,10,,,,,,,,,,,,,,,,,,,,,,,,,,,,,,,,,,,,,,,,,,,,,,,,,,,,,,,,,,,,,,,,,,,,,,,,,,,,,,,,,,,,,,,,,,,,,,,,,,,,,,,,,,,,,,,,,,,,,,,,,,,,,,,,,,,,,,,,,,,,,,,,,,,,,,,,,,,,,,,,,,,,,,,,,,,,,,,,,,,,,,,,,,,,,,,,,,,,,,,
Serbia,FUR3,Dec/19,MONEYVAL,ME,ME,ME,ME,ME,ME,LE,ME,ME,LE,LE,LC,LC,LC,LC,LC,LC,LC,LC,LC,LC,LC,C,LC,LC,LC,LC,C,C,LC,C,C,PC,PC,LC,LC,LC,LC,PC,LC,LC,LC,LC,LC,LC,LC,LC,LC,LC,LC,PC,3,,,,,,,,,,,,,,,,,,,,,,,,,,,,,,,,,,,,,,,,,,,,,,,,,,,,,,,,,,,,,,,,,,,,,,,,,,,,,,,,,,,,,,,,,,,,,,,,,,,,,,,,,,,,,,,,,,,,,,,,,,,,,,,,,,,,,,,,,,,,,,,,,,,,,,,,,,,,,,,,,,,,,,,,,,,,,,,,,,,,,,,,,,,,,,,,,,,,,,,
Seychelles,MER,Sep/18,ESAAMLG,LE,LE,LE,ME,LE,LE,LE,LE,LE,LE,LE,PC,PC,LC,PC,PC,PC,NC,NC,C,LC,C,LC,C,C,NC,PC,LC,C,PC,C,C,LC,LC,LC,PC,PC,LC,PC,PC,C,C,LC,PC,PC,PC,C,PC,NC,PC,LC,,,,,,,,,,,,,,,,,,,,,,,,,,,,,,,,,,,,,,,,,,,,,,,,,,,,,,,,,,,,,,,,,,,,,,,,,,,,,,,,,,,,,,,,,,,,,,,,,,,,,,,,,,,,,,,,,,,,,,,,,,,,,,,,,,,,,,,,,,,,,,,,,,,,,,,,,,,,,,,,,,,,,,,,,,,,,,,,,,,,,,,,,,,,,,,,,,,,,,,,
Singapore,MER+FUR,Nov/19,FATF/APG,SE,SE,ME,ME,ME,SE,ME,ME,LE,ME,SE,LC,C,C,C,LC,LC,LC,LC,C,C,C,C,C,LC,C,C,C,C,LC,LC,C,PC,LC,LC,C,LC,C,PC,C,C,C,C,LC,LC,PC,C,LC,LC,LC,LC,,,,,,,,,,,,,,,,,,,,,,,,,,,,,,,,,,,,,,,,,,,,,,,,,,,,,,,,,,,,,,,,,,,,,,,,,,,,,,,,,,,,,,,,,,,,,,,,,,,,,,,,,,,,,,,,,,,,,,,,,,,,,,,,,,,,,,,,,,,,,,,,,,,,,,,,,,,,,,,,,,,,,,,,,,,,,,,,,,,,,,,,,,,,,,,,,,,,,,,,
Singapore,MER,Sep/16,FATF/APG,SE,SE,ME,ME,ME,SE,ME,ME,LE,ME,SE,LC,C,LC,C,LC,LC,LC,LC,C,C,C,C,C,LC,C,C,C,C,LC,LC,C,PC,PC,PC,PC,LC,C,PC,C,C,C,C,LC,LC,PC,C,LC,LC,LC,LC,,,,,,,,,,,,,,,,,,,,,,,,,,,,,,,,,,,,,,,,,,,,,,,,,,,,,,,,,,,,,,,,,,,,,,,,,,,,,,,,,,,,,,,,,,,,,,,,,,,,,,,,,,,,,,,,,,,,,,,,,,,,,,,,,,,,,,,,,,,,,,,,,,,,,,,,,,,,,,,,,,,,,,,,,,,,,,,,,,,,,,,,,,,,,,,,,,,,,,,,
Singapore,FUR1,Nov/19,FATF/APG,SE,SE,ME,ME,ME,SE,ME,ME,LE,ME,SE,LC,C,C,C,LC,LC,LC,LC,C,C,C,C,C,LC,C,C,C,C,LC,LC,C,PC,LC,LC,C,LC,C,PC,C,C,C,C,LC,LC,PC,C,LC,LC,LC,LC,4,,,,,,,,,,,,,,,,,,,,,,,,,,,,,,,,,,,,,,,,,,,,,,,,,,,,,,,,,,,,,,,,,,,,,,,,,,,,,,,,,,,,,,,,,,,,,,,,,,,,,,,,,,,,,,,,,,,,,,,,,,,,,,,,,,,,,,,,,,,,,,,,,,,,,,,,,,,,,,,,,,,,,,,,,,,,,,,,,,,,,,,,,,,,,,,,,,,,,,,
Slovenia,MER+FUR,Dec/18,MONEYVAL,ME,SE,ME,ME,ME,ME,ME,ME,ME,ME,ME,PC,LC,LC,LC,PC,PC,PC,PC,LC,LC,C,PC,PC,C,C,C,LC,LC,LC,C,C,LC,LC,LC,LC,PC,C,PC,C,C,LC,PC,LC,C,C,LC,LC,LC,LC,LC,,,,,,,,,,,,,,,,,,,,,,,,,,,,,,,,,,,,,,,,,,,,,,,,,,,,,,,,,,,,,,,,,,,,,,,,,,,,,,,,,,,,,,,,,,,,,,,,,,,,,,,,,,,,,,,,,,,,,,,,,,,,,,,,,,,,,,,,,,,,,,,,,,,,,,,,,,,,,,,,,,,,,,,,,,,,,,,,,,,,,,,,,,,,,,,,,,,,,,,,
Slovenia,MER,Aug/17,MONEYVAL,ME,SE,ME,ME,ME,ME,ME,ME,ME,ME,ME,PC,LC,LC,LC,PC,PC,PC,PC,LC,LC,C,PC,PC,C,C,PC,LC,LC,LC,C,C,LC,LC,LC,LC,PC,C,PC,C,C,LC,PC,LC,C,C,LC,LC,LC,LC,LC,,,,,,,,,,,,,,,,,,,,,,,,,,,,,,,,,,,,,,,,,,,,,,,,,,,,,,,,,,,,,,,,,,,,,,,,,,,,,,,,,,,,,,,,,,,,,,,,,,,,,,,,,,,,,,,,,,,,,,,,,,,,,,,,,,,,,,,,,,,,,,,,,,,,,,,,,,,,,,,,,,,,,,,,,,,,,,,,,,,,,,,,,,,,,,,,,,,,,,,,
Slovenia,FUR1,Dec/18,MONEYVAL,ME,SE,ME,ME,ME,ME,ME,ME,ME,ME,ME,PC,LC,LC,LC,PC,PC,PC,PC,LC,LC,C,PC,PC,C,C,C,LC,LC,LC,C,C,LC,LC,LC,LC,PC,C,PC,C,C,LC,PC,LC,C,C,LC,LC,LC,LC,LC,1,,,,,,,,,,,,,,,,,,,,,,,,,,,,,,,,,,,,,,,,,,,,,,,,,,,,,,,,,,,,,,,,,,,,,,,,,,,,,,,,,,,,,,,,,,,,,,,,,,,,,,,,,,,,,,,,,,,,,,,,,,,,,,,,,,,,,,,,,,,,,,,,,,,,,,,,,,,,,,,,,,,,,,,,,,,,,,,,,,,,,,,,,,,,,,,,,,,,,,,
Slovenia,FUR2,Dec/19,MONEYVAL,ME,SE,ME,ME,ME,ME,ME,ME,ME,ME,ME,PC,LC,LC,LC,PC,PC,PC,PC,LC,LC,C,PC,PC,C,C,C,LC,LC,LC,C,C,LC,LC,LC,LC,PC,C,PC,C,C,LC,PC,LC,C,C,LC,LC,LC,LC,LC,,,,,,,,,,,,,,,,,,,,,,,,,,,,,,,,,,,,,,,,,,,,,,,,,,,,,,,,,,,,,,,,,,,,,,,,,,,,,,,,,,,,,,,,,,,,,,,,,,,,,,,,,,,,,,,,,,,,,,,,,,,,,,,,,,,,,,,,,,,,,,,,,,,,,,,,,,,,,,,,,,,,,,,,,,,,,,,,,,,,,,,,,,,,,,,,,,,,,,,,
Solomon Islands,MER,Oct/19,APG,ME,ME,LE,LE,LE,ME,LE,LE,LE,LE,LE,PC,PC,LC,LC,LC,NC,NC,NC,C,NC,PC,PC,NC,PC,NC,NC,PC,NC,NC,C,C,NC,PC,PC,NC,PC,LC,PC,LC,C,LC,LC,PC,PC,PC,PC,PC,PC,LC,PC,,,,,,,,,,,,,,,,,,,,,,,,,,,,,,,,,,,,,,,,,,,,,,,,,,,,,,,,,,,,,,,,,,,,,,,,,,,,,,,,,,,,,,,,,,,,,,,,,,,,,,,,,,,,,,,,,,,,,,,,,,,,,,,,,,,,,,,,,,,,,,,,,,,,,,,,,,,,,,,,,,,,,,,,,,,,,,,,,,,,,,,,,,,,,,,,,,,,,,,,
Spain,MER+FUR+FUAR,Dec/19,FATF,SE,SE,SE,SE,SE,HE,SE,SE,SE,ME,SE,C,LC,LC,C,C,PC,PC,LC,C,LC,C,C,C,C,C,C,LC,C,C,C,C,LC,C,LC,LC,LC,C,LC,C,C,C,C,C,C,C,C,C,C,C,C,,,,,,,,,,,,,,,,,,,,,,,,,,,,,,,,,,,,,,,,,,,,,,,,,,,,,,,,,,,,,,,,,,,,,,,,,,,,,,,,,,,,,,,,,,,,,,,,,,,,,,,,,,,,,,,,,,,,,,,,,,,,,,,,,,,,,,,,,,,,,,,,,,,,,,,,,,,,,,,,,,,,,,,,,,,,,,,,,,,,,,,,,,,,,,,,,,,,,,,,
Spain,MER,Dec/14,FATF,SE,SE,SE,ME,SE,HE,SE,SE,SE,ME,ME,C,LC,LC,C,LC,PC,PC,LC,C,LC,C,C,C,C,C,PC,LC,C,C,C,C,LC,C,LC,LC,LC,C,LC,C,C,C,C,C,C,C,C,C,C,LC,C,,,,,,,,,,,,,,,,,,,,,,,,,,,,,,,,,,,,,,,,,,,,,,,,,,,,,,,,,,,,,,,,,,,,,,,,,,,,,,,,,,,,,,,,,,,,,,,,,,,,,,,,,,,,,,,,,,,,,,,,,,,,,,,,,,,,,,,,,,,,,,,,,,,,,,,,,,,,,,,,,,,,,,,,,,,,,,,,,,,,,,,,,,,,,,,,,,,,,,,,
Spain,FUR1,Mar/18,FATF,SE,SE,SE,ME,SE,HE,SE,SE,SE,ME,ME,C,LC,LC,C,C,PC,PC,LC,C,LC,C,C,C,C,C,C,LC,C,C,C,C,LC,C,LC,LC,LC,C,LC,C,C,C,C,C,C,C,C,C,C,C,C,3,,,,,,,,,,,,,,,,,,,,,,,,,,,,,,,,,,,,,,,,,,,,,,,,,,,,,,,,,,,,,,,,,,,,,,,,,,,,,,,,,,,,,,,,,,,,,,,,,,,,,,,,,,,,,,,,,,,,,,,,,,,,,,,,,,,,,,,,,,,,,,,,,,,,,,,,,,,,,,,,,,,,,,,,,,,,,,,,,,,,,,,,,,,,,,,,,,,,,,,
Spain,FUAR,Dec/19,FATF,SE,SE,SE,SE,SE,HE,SE,SE,SE,ME,SE,C,LC,LC,C,C,PC,PC,LC,C,LC,C,C,C,C,C,C,LC,C,C,C,C,LC,C,LC,LC,LC,C,LC,C,C,C,C,C,C,C,C,C,C,C,C,,,,,,,,,,,,,,,,,,,,,,,,,,,,,,,,,,,,,,,,,,,,,,,,,,,,,,,,,,,,,,,,,,,,,,,,,,,,,,,,,,,,,,,,,,,,,,,,,,,,,,,,,,,,,,,,,,,,,,,,,,,,,,,,,,,,,,,,,,,,,,,,,,,,,,,,,,,,,,,,,,,,,,,,,,,,,,,,,,,,,,,,,,,,,,,,,,,,,,,,
Sri Lanka,MER+FUR,Oct/19,APG,ME,LE,LE,LE,LE,LE,LE,LE,SE,LE,LE,LC,LC,LC,PC,C,LC,LC,PC,LC,LC,LC,LC,LC,NC,LC,LC,LC,LC,LC,C,C,LC,C,NC,LC,PC,C,PC,LC,C,LC,PC,LC,LC,PC,LC,C,LC,LC,PC,,,,,,,,,,,,,,,,,,,,,,,,,,,,,,,,,,,,,,,,,,,,,,,,,,,,,,,,,,,,,,,,,,,,,,,,,,,,,,,,,,,,,,,,,,,,,,,,,,,,,,,,,,,,,,,,,,,,,,,,,,,,,,,,,,,,,,,,,,,,,,,,,,,,,,,,,,,,,,,,,,,,,,,,,,,,,,,,,,,,,,,,,,,,,,,,,,,,,,,,
Sri Lanka,MER,Oct/15,APG,ME,LE,LE,LE,LE,LE,LE,LE,SE,LE,LE,PC,PC,LC,PC,C,LC,NC,PC,LC,NC,LC,NC,NC,NC,PC,NC,NC,PC,NC,C,C,NC,PC,NC,NC,PC,C,NC,PC,C,LC,PC,PC,PC,PC,LC,PC,PC,LC,PC,,,,,,,,,,,,,,,,,,,,,,,,,,,,,,,,,,,,,,,,,,,,,,,,,,,,,,,,,,,,,,,,,,,,,,,,,,,,,,,,,,,,,,,,,,,,,,,,,,,,,,,,,,,,,,,,,,,,,,,,,,,,,,,,,,,,,,,,,,,,,,,,,,,,,,,,,,,,,,,,,,,,,,,,,,,,,,,,,,,,,,,,,,,,,,,,,,,,,,,,
Sri Lanka,FUR1,Jul/16,APG,ME,LE,LE,LE,LE,LE,LE,LE,SE,LE,LE,PC,LC,LC,PC,C,LC,NC,PC,LC,LC,LC,LC,LC,NC,LC,LC,LC,LC,LC,C,C,NC,PC,NC,NC,PC,C,NC,PC,C,LC,PC,PC,PC,PC,LC,PC,PC,LC,PC,9,,,,,,,,,,,,,,,,,,,,,,,,,,,,,,,,,,,,,,,,,,,,,,,,,,,,,,,,,,,,,,,,,,,,,,,,,,,,,,,,,,,,,,,,,,,,,,,,,,,,,,,,,,,,,,,,,,,,,,,,,,,,,,,,,,,,,,,,,,,,,,,,,,,,,,,,,,,,,,,,,,,,,,,,,,,,,,,,,,,,,,,,,,,,,,,,,,,,,,,
Sri Lanka,FUR2,Sep/18,APG,ME,LE,LE,LE,LE,LE,LE,LE,SE,LE,LE,LC,LC,LC,PC,C,LC,NC,PC,LC,LC,LC,LC,LC,NC,LC,LC,LC,LC,LC,C,C,LC,C,NC,NC,PC,C,NC,LC,C,LC,PC,LC,LC,PC,LC,PC,PC,LC,PC,6,,,,,,,,,,,,,,,,,,,,,,,,,,,,,,,,,,,,,,,,,,,,,,,,,,,,,,,,,,,,,,,,,,,,,,,,,,,,,,,,,,,,,,,,,,,,,,,,,,,,,,,,,,,,,,,,,,,,,,,,,,,,,,,,,,,,,,,,,,,,,,,,,,,,,,,,,,,,,,,,,,,,,,,,,,,,,,,,,,,,,,,,,,,,,,,,,,,,,,,
Sri Lanka,FUR3,Oct/19,APG,ME,LE,LE,LE,LE,LE,LE,LE,SE,LE,LE,LC,LC,LC,PC,C,LC,LC,PC,LC,LC,LC,LC,LC,NC,LC,LC,LC,LC,LC,C,C,LC,C,NC,LC,PC,C,PC,LC,C,LC,PC,LC,LC,PC,LC,C,LC,LC,PC,5,,,,,,,,,,,,,,,,,,,,,,,,,,,,,,,,,,,,,,,,,,,,,,,,,,,,,,,,,,,,,,,,,,,,,,,,,,,,,,,,,,,,,,,,,,,,,,,,,,,,,,,,,,,,,,,,,,,,,,,,,,,,,,,,,,,,,,,,,,,,,,,,,,,,,,,,,,,,,,,,,,,,,,,,,,,,,,,,,,,,,,,,,,,,,,,,,,,,,,,
Sweden,MER+FUR,Jul/18,FATF,ME,HE,ME,ME,ME,ME,SE,SE,SE,ME,SE,LC,C,LC,LC,LC,PC,PC,LC,C,LC,C,C,LC,C,C,C,LC,LC,C,C,C,LC,LC,LC,LC,PC,LC,LC,C,C,LC,PC,LC,LC,LC,C,LC,LC,C,C,,,,,,,,,,,,,,,,,,,,,,,,,,,,,,,,,,,,,,,,,,,,,,,,,,,,,,,,,,,,,,,,,,,,,,,,,,,,,,,,,,,,,,,,,,,,,,,,,,,,,,,,,,,,,,,,,,,,,,,,,,,,,,,,,,,,,,,,,,,,,,,,,,,,,,,,,,,,,,,,,,,,,,,,,,,,,,,,,,,,,,,,,,,,,,,,,,,,,,,,
Sweden,MER,Apr/17,FATF,ME,HE,ME,ME,ME,ME,SE,SE,SE,ME,SE,LC,PC,LC,LC,LC,PC,PC,LC,LC,LC,C,LC,LC,C,C,PC,PC,PC,LC,C,C,LC,LC,PC,PC,PC,LC,LC,LC,C,LC,PC,LC,LC,LC,C,LC,LC,C,C,,,,,,,,,,,,,,,,,,,,,,,,,,,,,,,,,,,,,,,,,,,,,,,,,,,,,,,,,,,,,,,,,,,,,,,,,,,,,,,,,,,,,,,,,,,,,,,,,,,,,,,,,,,,,,,,,,,,,,,,,,,,,,,,,,,,,,,,,,,,,,,,,,,,,,,,,,,,,,,,,,,,,,,,,,,,,,,,,,,,,,,,,,,,,,,,,,,,,,,,
Sweden,FUR1,Jul/18,FATF,ME,HE,ME,ME,ME,ME,SE,SE,SE,ME,SE,LC,C,LC,LC,LC,PC,PC,LC,C,LC,C,C,LC,C,C,C,LC,LC,C,C,C,LC,LC,LC,LC,PC,LC,LC,C,C,LC,PC,LC,LC,LC,C,LC,LC,C,C,10,,,,,,,,,,,,,,,,,,,,,,,,,,,,,,,,,,,,,,,,,,,,,,,,,,,,,,,,,,,,,,,,,,,,,,,,,,,,,,,,,,,,,,,,,,,,,,,,,,,,,,,,,,,,,,,,,,,,,,,,,,,,,,,,,,,,,,,,,,,,,,,,,,,,,,,,,,,,,,,,,,,,,,,,,,,,,,,,,,,,,,,,,,,,,,,,,,,,,,,
Switzerland,MER,Dec/16,FATF,SE,ME,ME,ME,ME,SE,SE,SE,SE,SE,SE,LC,LC,LC,LC,LC,LC,C,PC,C,PC,C,LC,LC,C,LC,PC,LC,LC,PC,LC,LC,PC,PC,LC,LC,LC,LC,LC,C,C,LC,LC,PC,LC,PC,LC,LC,LC,LC,PC,,,,,,,,,,,,,,,,,,,,,,,,,,,,,,,,,,,,,,,,,,,,,,,,,,,,,,,,,,,,,,,,,,,,,,,,,,,,,,,,,,,,,,,,,,,,,,,,,,,,,,,,,,,,,,,,,,,,,,,,,,,,,,,,,,,,,,,,,,,,,,,,,,,,,,,,,,,,,,,,,,,,,,,,,,,,,,,,,,,,,,,,,,,,,,,,,,,,,,,,
Chinese Taipei,APG,Oct/19,FATF,SE,SE,ME,ME,ME,SE,ME,SE,SE,SE,SE,LC,LC,LC,LC,LC,LC,LC,LC,C,LC,LC,C,C,C,C,C,C,LC,C,LC,LC,PC,LC,LC,PC,LC,LC,PC,LC,C,LC,LC,LC,C,PC,LC,LC,LC,LC,LC,,,,,,,,,,,,,,,,,,,,,,,,,,,,,,,,,,,,,,,,,,,,,,,,,,,,,,,,,,,,,,,,,,,,,,,,,,,,,,,,,,,,,,,,,,,,,,,,,,,,,,,,,,,,,,,,,,,,,,,,,,,,,,,,,,,,,,,,,,,,,,,,,,,,,,,,,,,,,,,,,,,,,,,,,,,,,,,,,,,,,,,,,,,,,,,,,,,,,,,,
Tajikistan ,MER,Dec/18,EAG,SE,SE,ME,ME,ME,ME,LE,ME,SE,ME,LE,LC,C,LC,LC,LC,PC,NC,PC,C,LC,LC,PC,LC,LC,PC,PC,NA,LC,LC,C,C,PC,LC,LC,PC,PC,LC,PC,C,LC,C,LC,LC,LC,PC,C,LC,PC,LC,LC,,,,,,,,,,,,,,,,,,,,,,,,,,,,,,,,,,,,,,,,,,,,,,,,,,,,,,,,,,,,,,,,,,,,,,,,,,,,,,,,,,,,,,,,,,,,,,,,,,,,,,,,,,,,,,,,,,,,,,,,,,,,,,,,,,,,,,,,,,,,,,,,,,,,,,,,,,,,,,,,,,,,,,,,,,,,,,,,,,,,,,,,,,,,,,,,,,,,,,,,
Thailand,MER+FUR,Sep/18,APG,SE,SE,ME,LE,LE,SE,ME,SE,ME,ME,LE,PC,LC,LC,LC,LC,LC,LC,PC,LC,LC,LC,LC,PC,LC,LC,PC,C,LC,PC,PC,LC,NC,PC,PC,PC,PC,LC,PC,LC,C,LC,LC,LC,LC,PC,LC,LC,C,LC,LC,,,,,,,,,,,,,,,,,,,,,,,,,,,,,,,,,,,,,,,,,,,,,,,,,,,,,,,,,,,,,,,,,,,,,,,,,,,,,,,,,,,,,,,,,,,,,,,,,,,,,,,,,,,,,,,,,,,,,,,,,,,,,,,,,,,,,,,,,,,,,,,,,,,,,,,,,,,,,,,,,,,,,,,,,,,,,,,,,,,,,,,,,,,,,,,,,,,,,,,,
Thailand,MER,Dec/17,APG,SE,SE,ME,LE,LE,SE,ME,SE,ME,ME,LE,PC,LC,LC,LC,LC,LC,NC,PC,LC,LC,LC,LC,PC,LC,LC,PC,C,LC,PC,PC,LC,NC,PC,PC,PC,PC,LC,PC,LC,C,LC,PC,LC,LC,PC,LC,LC,C,LC,LC,,,,,,,,,,,,,,,,,,,,,,,,,,,,,,,,,,,,,,,,,,,,,,,,,,,,,,,,,,,,,,,,,,,,,,,,,,,,,,,,,,,,,,,,,,,,,,,,,,,,,,,,,,,,,,,,,,,,,,,,,,,,,,,,,,,,,,,,,,,,,,,,,,,,,,,,,,,,,,,,,,,,,,,,,,,,,,,,,,,,,,,,,,,,,,,,,,,,,,,,
Thailand,FUR1,Sep/18,APG,SE,SE,ME,LE,LE,SE,ME,SE,ME,ME,LE,PC,LC,LC,LC,LC,LC,LC,PC,LC,LC,LC,LC,PC,LC,LC,PC,C,LC,PC,PC,LC,NC,PC,PC,PC,PC,LC,PC,LC,C,LC,LC,LC,LC,PC,LC,LC,C,LC,LC,2,,,,,,,,,,,,,,,,,,,,,,,,,,,,,,,,,,,,,,,,,,,,,,,,,,,,,,,,,,,,,,,,,,,,,,,,,,,,,,,,,,,,,,,,,,,,,,,,,,,,,,,,,,,,,,,,,,,,,,,,,,,,,,,,,,,,,,,,,,,,,,,,,,,,,,,,,,,,,,,,,,,,,,,,,,,,,,,,,,,,,,,,,,,,,,,,,,,,,,,
Trinidad and Tobago,MER+FUR,Jun/19,CFATF,ME,ME,ME,ME,ME,ME,LE,LE,LE,LE,LE,LC,LC,LC,LC,C,C,LC,PC,C,C,C,C,C,C,C,C,C,C,C,C,C,C,C,C,PC,C,LC,PC,C,C,LC,C,C,C,PC,LC,C,PC,C,LC,,,,,,,,,,,,,,,,,,,,,,,,,,,,,,,,,,,,,,,,,,,,,,,,,,,,,,,,,,,,,,,,,,,,,,,,,,,,,,,,,,,,,,,,,,,,,,,,,,,,,,,,,,,,,,,,,,,,,,,,,,,,,,,,,,,,,,,,,,,,,,,,,,,,,,,,,,,,,,,,,,,,,,,,,,,,,,,,,,,,,,,,,,,,,,,,,,,,,,,,
Trinidad and Tobago,MER,Jun/16,CFATF,ME,ME,ME,ME,ME,ME,LE,LE,LE,LE,LE,PC,LC,LC,LC,C,PC,NC,NC,C,LC,C,C,C,C,C,LC,C,C,PC,C,LC,LC,LC,PC,PC,PC,LC,PC,LC,C,LC,PC,PC,C,PC,LC,PC,PC,LC,PC,,,,,,,,,,,,,,,,,,,,,,,,,,,,,,,,,,,,,,,,,,,,,,,,,,,,,,,,,,,,,,,,,,,,,,,,,,,,,,,,,,,,,,,,,,,,,,,,,,,,,,,,,,,,,,,,,,,,,,,,,,,,,,,,,,,,,,,,,,,,,,,,,,,,,,,,,,,,,,,,,,,,,,,,,,,,,,,,,,,,,,,,,,,,,,,,,,,,,,,,
Trinidad and Tobago,FUR1,Jun/19,CFATF,ME,ME,ME,ME,ME,ME,LE,LE,LE,LE,LE,LC,LC,LC,LC,C,C,LC,PC,C,C,C,C,C,C,C,C,C,C,C,C,C,C,C,C,PC,C,LC,PC,C,C,LC,C,C,C,PC,LC,C,PC,C,LC,18,,,,,,,,,,,,,,,,,,,,,,,,,,,,,,,,,,,,,,,,,,,,,,,,,,,,,,,,,,,,,,,,,,,,,,,,,,,,,,,,,,,,,,,,,,,,,,,,,,,,,,,,,,,,,,,,,,,,,,,,,,,,,,,,,,,,,,,,,,,,,,,,,,,,,,,,,,,,,,,,,,,,,,,,,,,,,,,,,,,,,,,,,,,,,,,,,,,,,,,
Tunisia,MER+FUR,Dec/17,MENAFATF,ME,ME,LE,LE,LE,ME,ME,ME,LE,LE,LE,LC,PC,C,LC,LC,LC,NC,LC,C,LC,C,LC,LC,LC,LC,LC,LC,LC,LC,C,C,PC,PC,PC,PC,LC,LC,PC,LC,C,PC,LC,PC,LC,LC,LC,C,PC,C,LC,,,,,,,,,,,,,,,,,,,,,,,,,,,,,,,,,,,,,,,,,,,,,,,,,,,,,,,,,,,,,,,,,,,,,,,,,,,,,,,,,,,,,,,,,,,,,,,,,,,,,,,,,,,,,,,,,,,,,,,,,,,,,,,,,,,,,,,,,,,,,,,,,,,,,,,,,,,,,,,,,,,,,,,,,,,,,,,,,,,,,,,,,,,,,,,,,,,,,,,,
Tunisia,MER,Jun/16,MENAFATF/ WB,ME,ME,LE,LE,LE,ME,ME,ME,LE,LE,LE,PC,PC,C,LC,C,PC,NC,LC,C,PC,C,PC,LC,LC,PC,NC,PC,PC,PC,C,C,PC,PC,PC,NC,NC,LC,PC,LC,C,PC,LC,PC,NC,LC,PC,C,PC,C,LC,,,,,,,,,,,,,,,,,,,,,,,,,,,,,,,,,,,,,,,,,,,,,,,,,,,,,,,,,,,,,,,,,,,,,,,,,,,,,,,,,,,,,,,,,,,,,,,,,,,,,,,,,,,,,,,,,,,,,,,,,,,,,,,,,,,,,,,,,,,,,,,,,,,,,,,,,,,,,,,,,,,,,,,,,,,,,,,,,,,,,,,,,,,,,,,,,,,,,,,,
Tunisia,FUR1,Dec/17,MENAFATF,ME,ME,LE,LE,LE,ME,ME,ME,LE,LE,LE,LC,PC,C,LC,LC,PC,NC,PC,C,LC,C,LC,LC,LC,LC,LC,LC,LC,LC,C,C,PC,PC,PC,PC,PC,LC,PC,LC,C,PC,LC,PC,PC,LC,LC,C,PC,C,LC,12,2,,,,,,,,,,,,,,,,,,,,,,,,,,,,,,,,,,,,,,,,,,,,,,,,,,,,,,,,,,,,,,,,,,,,,,,,,,,,,,,,,,,,,,,,,,,,,,,,,,,,,,,,,,,,,,,,,,,,,,,,,,,,,,,,,,,,,,,,,,,,,,,,,,,,,,,,,,,,,,,,,,,,,,,,,,,,,,,,,,,,,,,,,,,,,,,,,,,,,,
Tunisia,FUR2,Jan/19,MENAFATF,ME,ME,LE,LE,LE,ME,ME,ME,LE,LE,LE,LC,PC,C,LC,LC,LC,NC,LC,C,LC,C,LC,LC,LC,LC,LC,LC,PC,LC,C,C,PC,PC,PC,PC,LC,LC,PC,LC,C,PC,LC,PC,LC,LC,LC,C,PC,C,LC,4,2,,,,,,,,,,,,,,,,,,,,,,,,,,,,,,,,,,,,,,,,,,,,,,,,,,,,,,,,,,,,,,,,,,,,,,,,,,,,,,,,,,,,,,,,,,,,,,,,,,,,,,,,,,,,,,,,,,,,,,,,,,,,,,,,,,,,,,,,,,,,,,,,,,,,,,,,,,,,,,,,,,,,,,,,,,,,,,,,,,,,,,,,,,,,,,,,,,,,,,
Turkey,MER,Dec/19,FATF,SE,SE,ME,ME,ME,ME,ME,ME,ME,LE,LE,LC,LC,LC,C,LC,PC,NC,PC,C,LC,C,NC,LC,LC,LC,LC,C,PC,LC,C,C,PC,PC,PC,PC,PC,LC,PC,C,C,LC,LC,LC,LC,PC,LC,C,C,C,LC,,,,,,,,,,,,,,,,,,,,,,,,,,,,,,,,,,,,,,,,,,,,,,,,,,,,,,,,,,,,,,,,,,,,,,,,,,,,,,,,,,,,,,,,,,,,,,,,,,,,,,,,,,,,,,,,,,,,,,,,,,,,,,,,,,,,,,,,,,,,,,,,,,,,,,,,,,,,,,,,,,,,,,,,,,,,,,,,,,,,,,,,,,,,,,,,,,,,,,,,
Turks&Caicos,MER,Jan/20,CFATF,ME,ME,LE,LE,ME,ME,LE,LE,LE,ME,ME,PC,LC,C,C,C,LC,LC,PC,C,PC,C,C,PC,PC,PC,PC,PC,C,PC,C,C,PC,PC,LC,C,PC,C,PC,C,C,LC,C,LC,PC,LC,PC,LC,LC,C,PC,,,,,,,,,,,,,,,,,,,,,,,,,,,,,,,,,,,,,,,,,,,,,,,,,,,,,,,,,,,,,,,,,,,,,,,,,,,,,,,,,,,,,,,,,,,,,,,,,,,,,,,,,,,,,,,,,,,,,,,,,,,,,,,,,,,,,,,,,,,,,,,,,,,,,,,,,,,,,,,,,,,,,,,,,,,,,,,,,,,,,,,,,,,,,,,,,,,,,,,,
Uganda,MER+FUR,Nov/18,ESAAMLG,LE,LE,LE,LE,LE,LE,LE,LE,LE,LE,LE,PC,PC,C,LC,C,C,NC,NC,C,PC,C,PC,C,LC,PC,C,C,C,PC,C,C,PC,PC,NC,NC,NC,PC,NC,PC,PC,PC,NC,NC,PC,PC,C,PC,PC,NC,PC,,,,,,,,,,,,,,,,,,,,,,,,,,,,,,,,,,,,,,,,,,,,,,,,,,,,,,,,,,,,,,,,,,,,,,,,,,,,,,,,,,,,,,,,,,,,,,,,,,,,,,,,,,,,,,,,,,,,,,,,,,,,,,,,,,,,,,,,,,,,,,,,,,,,,,,,,,,,,,,,,,,,,,,,,,,,,,,,,,,,,,,,,,,,,,,,,,,,,,,,
Uganda,MER,Sep/16,ESAAMLG,LE,LE,LE,LE,LE,LE,LE,LE,LE,LE,LE,NC,PC,PC,LC,NC,NC,NC,NC,C,PC,NC,NC,C,PC,NC,NC,NC,NC,NC,NC,C,PC,PC,NC,NC,NC,NC,NC,PC,PC,PC,NC,NC,PC,PC,C,PC,PC,NC,PC,,,,,,,,,,,,,,,,,,,,,,,,,,,,,,,,,,,,,,,,,,,,,,,,,,,,,,,,,,,,,,,,,,,,,,,,,,,,,,,,,,,,,,,,,,,,,,,,,,,,,,,,,,,,,,,,,,,,,,,,,,,,,,,,,,,,,,,,,,,,,,,,,,,,,,,,,,,,,,,,,,,,,,,,,,,,,,,,,,,,,,,,,,,,,,,,,,,,,,,,
Uganda,FUR1,Nov/18,ESAAMLG,LE,LE,LE,LE,LE,LE,LE,LE,LE,LE,LE,PC,PC,C,LC,C,C,NC,NC,C,PC,C,PC,C,PC,PC,C,C,C,PC,C,C,PC,PC,NC,NC,NC,PC,NC,PC,PC,PC,NC,NC,PC,PC,C,PC,PC,NC,PC,13,,,,,,,,,,,,,,,,,,,,,,,,,,,,,,,,,,,,,,,,,,,,,,,,,,,,,,,,,,,,,,,,,,,,,,,,,,,,,,,,,,,,,,,,,,,,,,,,,,,,,,,,,,,,,,,,,,,,,,,,,,,,,,,,,,,,,,,,,,,,,,,,,,,,,,,,,,,,,,,,,,,,,,,,,,,,,,,,,,,,,,,,,,,,,,,,,,,,,,,
Ukraine,MER+FUR,Jul/19,MONEYVAL,SE,ME,ME,ME,ME,SE,LE,ME,ME,ME,ME,LC,C,LC,LC,PC,PC,PC,LC,C,LC,C,LC,C,LC,LC,C,N/A,LC,C,C,LC,LC,LC,LC,PC,LC,LC,PC,C,C,C,LC,PC,C,PC,LC,LC,LC,LC,LC,,,,,,,,,,,,,,,,,,,,,,,,,,,,,,,,,,,,,,,,,,,,,,,,,,,,,,,,,,,,,,,,,,,,,,,,,,,,,,,,,,,,,,,,,,,,,,,,,,,,,,,,,,,,,,,,,,,,,,,,,,,,,,,,,,,,,,,,,,,,,,,,,,,,,,,,,,,,,,,,,,,,,,,,,,,,,,,,,,,,,,,,,,,,,,,,,,,,,,,,
Ukraine,MER,Jan/18,MONEYVAL,SE,ME,ME,ME,ME,SE,LE,ME,ME,ME,ME,LC,C,LC,LC,PC,PC,PC,LC,C,LC,C,LC,C,LC,LC,C,N/A,LC,C,C,C,LC,LC,LC,PC,LC,LC,PC,C,C,C,LC,PC,C,PC,LC,LC,LC,LC,LC,,,,,,,,,,,,,,,,,,,,,,,,,,,,,,,,,,,,,,,,,,,,,,,,,,,,,,,,,,,,,,,,,,,,,,,,,,,,,,,,,,,,,,,,,,,,,,,,,,,,,,,,,,,,,,,,,,,,,,,,,,,,,,,,,,,,,,,,,,,,,,,,,,,,,,,,,,,,,,,,,,,,,,,,,,,,,,,,,,,,,,,,,,,,,,,,,,,,,,,,
Ukraine,FUR1,Jul/19,MONEYVAL,SE,ME,ME,ME,ME,SE,LE,ME,ME,ME,ME,LC,C,LC,LC,PC,PC,PC,LC,C,LC,C,LC,C,LC,LC,C,N/A,LC,C,C,LC,LC,LC,LC,PC,LC,LC,PC,C,C,C,LC,PC,C,PC,LC,LC,LC,LC,LC,,1,,,,,,,,,,,,,,,,,,,,,,,,,,,,,,,,,,,,,,,,,,,,,,,,,,,,,,,,,,,,,,,,,,,,,,,,,,,,,,,,,,,,,,,,,,,,,,,,,,,,,,,,,,,,,,,,,,,,,,,,,,,,,,,,,,,,,,,,,,,,,,,,,,,,,,,,,,,,,,,,,,,,,,,,,,,,,,,,,,,,,,,,,,,,,,,,,,,,,,
United Kingdom,MER,Dec/18,FATF,HE,SE,ME,ME,SE,ME,SE,SE,HE,HE,HE,LC,C,C,C,C,LC,LC,C,C,LC,C,C,PC,C,LC,C,LC,LC,LC,C,C,LC,LC,LC,C,C,C,C,PC,C,C,LC,LC,C,C,C,LC,C,C,LC,,,,,,,,,,,,,,,,,,,,,,,,,,,,,,,,,,,,,,,,,,,,,,,,,,,,,,,,,,,,,,,,,,,,,,,,,,,,,,,,,,,,,,,,,,,,,,,,,,,,,,,,,,,,,,,,,,,,,,,,,,,,,,,,,,,,,,,,,,,,,,,,,,,,,,,,,,,,,,,,,,,,,,,,,,,,,,,,,,,,,,,,,,,,,,,,,,,,,,,,
United States,MER,Dec/16,FATF/APG,SE,SE,ME,ME,LE,SE,SE,HE,HE,HE,HE,PC,C,LC,LC,C,LC,LC,LC,C,PC,LC,PC,LC,LC,LC,PC,LC,LC,LC,PC,C,NC,NC,NC,PC,LC,C,NC,C,C,LC,C,LC,LC,LC,LC,LC,LC,LC,C,,,,,,,,,,,,,,,,,,,,,,,,,,,,,,,,,,,,,,,,,,,,,,,,,,,,,,,,,,,,,,,,,,,,,,,,,,,,,,,,,,,,,,,,,,,,,,,,,,,,,,,,,,,,,,,,,,,,,,,,,,,,,,,,,,,,,,,,,,,,,,,,,,,,,,,,,,,,,,,,,,,,,,,,,,,,,,,,,,,,,,,,,,,,,,,,,,,,,,,,
Uruguay,MER,Jan/20,GAFILAT,ME,ME,ME,ME,ME,ME,ME,ME,ME,ME,ME,LC,C,LC,LC,LC,LC,LC,C,C,LC,C,C,LC,LC,LC,LC,NA,C,C,LC,C,LC,LC,LC,LC,C,C,LC,LC,C,C,C,C,C,LC,C,LC,LC,LC,LC,,,,,,,,,,,,,,,,,,,,,,,,,,,,,,,,,,,,,,,,,,,,,,,,,,,,,,,,,,,,,,,,,,,,,,,,,,,,,,,,,,,,,,,,,,,,,,,,,,,,,,,,,,,,,,,,,,,,,,,,,,,,,,,,,,,,,,,,,,,,,,,,,,,,,,,,,,,,,,,,,,,,,,,,,,,,,,,,,,,,,,,,,,,,,,,,,,,,,,,,
Vanuatu,MER+FUR,Nov/17,APG,LE,LE,LE,LE,LE,LE,LE,LE,LE,LE,LE,C,C,C,C,C,C,C,LC,LC,LC,LC,LC,LC,C,LC,C,C,LC,PC,LC,LC,LC,LC,LC,LC,LC,C,LC,LC,C,C,LC,LC,C,C,C,C,LC,C,LC,,,,,,,,,,,,,,,,,,,,,,,,,,,,,,,,,,,,,,,,,,,,,,,,,,,,,,,,,,,,,,,,,,,,,,,,,,,,,,,,,,,,,,,,,,,,,,,,,,,,,,,,,,,,,,,,,,,,,,,,,,,,,,,,,,,,,,,,,,,,,,,,,,,,,,,,,,,,,,,,,,,,,,,,,,,,,,,,,,,,,,,,,,,,,,,,,,,,,,,,
Vanuatu,MER,Oct/15,APG,LE,LE,LE,LE,LE,LE,LE,LE,LE,LE,LE,NC,NC,NC,PC,PC,PC,NC,NC,LC,PC,LC,LC,LC,PC,LC,NC,NC,NC,PC,LC,LC,PC,PC,NC,NC,PC,PC,PC,LC,C,PC,LC,NC,PC,PC,PC,PC,NC,PC,NC,,,,,,,,,,,,,,,,,,,,,,,,,,,,,,,,,,,,,,,,,,,,,,,,,,,,,,,,,,,,,,,,,,,,,,,,,,,,,,,,,,,,,,,,,,,,,,,,,,,,,,,,,,,,,,,,,,,,,,,,,,,,,,,,,,,,,,,,,,,,,,,,,,,,,,,,,,,,,,,,,,,,,,,,,,,,,,,,,,,,,,,,,,,,,,,,,,,,,,,,
Vanuatu,FUR1,Nov/17,APG,LE,LE,LE,LE,LE,LE,LE,LE,LE,LE,LE,NC,NC,NC,PC,PC,PC,NC,NC,LC,PC,LC,LC,LC,PC,LC,NC,NC,NC,PC,LC,LC,PC,PC,NC,NC,LC,PC,LC,LC,C,PC,LC,NC,PC,PC,PC,PC,NC,PC,NC,2,,,,,,,,,,,,,,,,,,,,,,,,,,,,,,,,,,,,,,,,,,,,,,,,,,,,,,,,,,,,,,,,,,,,,,,,,,,,,,,,,,,,,,,,,,,,,,,,,,,,,,,,,,,,,,,,,,,,,,,,,,,,,,,,,,,,,,,,,,,,,,,,,,,,,,,,,,,,,,,,,,,,,,,,,,,,,,,,,,,,,,,,,,,,,,,,,,,,,,,
Vanuatu,FUR2,Sep/18,APG,LE,LE,LE,LE,LE,LE,LE,LE,LE,LE,LE,C,C,C,C,C,C,C,LC,LC,LC,LC,LC,LC,C,LC,C,C,LC,PC,LC,LC,LC,LC,LC,LC,LC,C,LC,LC,C,C,LC,LC,C,C,C,C,LC,C,LC,27,,,,,,,,,,,,,,,,,,,,,,,,,,,,,,,,,,,,,,,,,,,,,,,,,,,,,,,,,,,,,,,,,,,,,,,,,,,,,,,,,,,,,,,,,,,,,,,,,,,,,,,,,,,,,,,,,,,,,,,,,,,,,,,,,,,,,,,,,,,,,,,,,,,,,,,,,,,,,,,,,,,,,,,,,,,,,,,,,,,,,,,,,,,,,,,,,,,,,,,
Zambia,MER,Jun/19,ESAAMLG,ME,ME,ME,ME,LE,ME,ME,ME,ME,ME,LE,LC,LC,C,C,LC,PC,NC,PC,C,PC,LC,LC,C,LC,PC,PC,LC,LC,LC,C,C,PC,LC,PC,PC,PC,C,PC,C,LC,LC,C,C,C,PC,LC,LC,LC,LC,LC,,,,,,,,,,,,,,,,,,,,,,,,,,,,,,,,,,,,,,,,,,,,,,,,,,,,,,,,,,,,,,,,,,,,,,,,,,,,,,,,,,,,,,,,,,,,,,,,,,,,,,,,,,,,,,,,,,,,,,,,,,,,,,,,,,,,,,,,,,,,,,,,,,,,,,,,,,,,,,,,,,,,,,,,,,,,,,,,,,,,,,,,,,,,,,,,,,,,,,,,
Zimbabwe,MER+FUR,Sep/19,ESAAMLG,LE,LE,LE,LE,LE,LE,LE,LE,ME,ME,LE,PC,LC,C,C,C,C,PC,PC,C,C,C,C,LC,C,C,C,LC,C,C,C,C,C,C,NC,LC,PC,LC,PC,PC,C,LC,LC,C,PC,LC,C,C,LC,C,LC,,,,,,,,,,,,,,,,,,,,,,,,,,,,,,,,,,,,,,,,,,,,,,,,,,,,,,,,,,,,,,,,,,,,,,,,,,,,,,,,,,,,,,,,,,,,,,,,,,,,,,,,,,,,,,,,,,,,,,,,,,,,,,,,,,,,,,,,,,,,,,,,,,,,,,,,,,,,,,,,,,,,,,,,,,,,,,,,,,,,,,,,,,,,,,,,,,,,,,,,
Zimbabwe,MER,Jan/17,ESAAMLG,LE,LE,LE,LE,LE,LE,LE,LE,ME,ME,LE,PC,LC,C,PC,C,C,NC,NC,C,PC,C,PC,LC,PC,NC,PC,LC,PC,NC,C,C,PC,PC,NC,NC,PC,LC,PC,PC,C,LC,LC,PC,PC,LC,C,C,LC,C,LC,,,,,,,,,,,,,,,,,,,,,,,,,,,,,,,,,,,,,,,,,,,,,,,,,,,,,,,,,,,,,,,,,,,,,,,,,,,,,,,,,,,,,,,,,,,,,,,,,,,,,,,,,,,,,,,,,,,,,,,,,,,,,,,,,,,,,,,,,,,,,,,,,,,,,,,,,,,,,,,,,,,,,,,,,,,,,,,,,,,,,,,,,,,,,,,,,,,,,,,,
Zimbabwe,FUR1,Apr/19,ESAAMLG,LE,LE,LE,LE,LE,LE,LE,LE,ME,ME,LE,PC,LC,C,C,C,C,NC,NC,C,LC,C,C,LC,C,C,LC,LC,C,C,C,C,LC,C,NC,NC,PC,LC,PC,PC,C,LC,LC,PC,PC,LC,C,C,LC,C,LC,10,,,,,,,,,,,,,,,,,,,,,,,,,,,,,,,,,,,,,,,,,,,,,,,,,,,,,,,,,,,,,,,,,,,,,,,,,,,,,,,,,,,,,,,,,,,,,,,,,,,,,,,,,,,,,,,,,,,,,,,,,,,,,,,,,,,,,,,,,,,,,,,,,,,,,,,,,,,,,,,,,,,,,,,,,,,,,,,,,,,,,,,,,,,,,,,,,,,,,,,
Zimbabwe,FUR2,Sep/19,ESAAMLG,LE,LE,LE,LE,LE,LE,LE,LE,ME,ME,LE,PC,LC,C,C,C,C,PC,PC,C,C,C,C,LC,C,C,C,LC,C,C,C,C,C,C,NC,LC,PC,LC,PC,PC,C,LC,LC,C,PC,LC,C,C,LC,C,LC,6,,,,,,,,,,,,,,,,,,,,,,,,,,,,,,,,,,,,,,,,,,,,,,,,,,,,,,,,,,,,,,,,,,,,,,,,,,,,,,,,,,,,,,,,,,,,,,,,,,,,,,,,,,,,,,,,,,,,,,,,,,,,,,,,,,,,,,,,,,,,,,,,,,,,,,,,,,,,,,,,,,,,,,,,,,,,,,,,,,,,,,,,,,,,,,,,,,,,,,,
,,,,,,,,,,,,,,,,,,,,,,,,,,,,,,,,,,,,,,,,,,,,,,,,,,,,,,,,,,,,,,,,,,,,,,,,,,,,,,,,,,,,,,,,,,,,,,,,,,,,,,,,,,,,,,,,,,,,,,,,,,,,,,,,,,,,,,,,,,,,,,,,,,,,,,,,,,,,,,,,,,,,,,,,,,,,,,,,,,,,,,,,,,,,,,,,,,,,,,,,,,,,,,,,,,,,,,,,,,,,,,,,,,,,,,,,,,,,,,,,,,,,,,,,,,,,,,
,MER,Mutual Evaluation Report,,HE,High level of effectiveness - The Immediate Outcome is achieved to a very large extent. Minor improvements needed.,,,,,,,,,,,C,Compliant,,,,,,,,,,,,,,,,,,,,,,,,,,,,,,,,,,,,,,,,,,,,,,,,,,,,,,,,,,,,,,,,,,,,,,,,,,,,,,,,,,,,,,,,,,,,,,,,,,,,,,,,,,,,,,,,,,,,,,,,,,,,,,,,,,,,,,,,,,,,,,,,,,,,,,,,,,,,,,,,,,,,,,,,,,,,,,,,,,,,,,,,,,,,,,,,,,,,,,,,,,,,,,,,,,,,,,,,,,,,,,,,,,,,,,,,,,,,,
,FUR,Follow-Up Report,,SE,Substantial level of effectiveness - The Immediate Outcome is achieved to a large extent. Moderate improvements needed.,,,,,,,,,,,LC,Largely compliant - There are only minor shortcomings.,,,,,,,,,,,,,,,,,,,,,,,,,,,,,,,,,,,,,,,,,,,,,,,,,,,,,,,,,,,,,,,,,,,,,,,,,,,,,,,,,,,,,,,,,,,,,,,,,,,,,,,,,,,,,,,,,,,,,,,,,,,,,,,,,,,,,,,,,,,,,,,,,,,,,,,,,,,,,,,,,,,,,,,,,,,,,,,,,,,,,,,,,,,,,,,,,,,,,,,,,,,,,,,,,,,,,,,,,,,,,,,,,,,,,,,,,,,,,
,,,,ME,Moderate level of effectiveness - The Immediate Outcome is achieved to some extent. Major improvements needed.,,,,,,,,,,,PC,Partially compliant - There are moderate shortcomings. ,,,,,,,,,,,,,,,,,,,,,,,,,,,,,,,,,,,,,,,,,,,,,,,,,,,,,,,,,,,,,,,,,,,,,,,,,,,,,,,,,,,,,,,,,,,,,,,,,,,,,,,,,,,,,,,,,,,,,,,,,,,,,,,,,,,,,,,,,,,,,,,,,,,,,,,,,,,,,,,,,,,,,,,,,,,,,,,,,,,,,,,,,,,,,,,,,,,,,,,,,,,,,,,,,,,,,,,,,,,,,,,,,,,,,,,,,,,,,
,,,,LE,Low level of effectiveness - The Immediate Outcome is not achieved or achieved to a negligible extent. Fundamental improvements needed.,,,,,,,,,,,NC,Non-compliant - There are major shortcomings. ,,,,,,,,,,,,,,,,,,,,,,,,,,,,,,,,,,,,,,,,,,,,,,,,,,,,,,,,,,,,,,,,,,,,,,,,,,,,,,,,,,,,,,,,,,,,,,,,,,,,,,,,,,,,,,,,,,,,,,,,,,,,,,,,,,,,,,,,,,,,,,,,,,,,,,,,,,,,,,,,,,,,,,,,,,,,,,,,,,,,,,,,,,,,,,,,,,,,,,,,,,,,,,,,,,,,,,,,,,,,,,,,,,,,,,,,,,,,,
,,,,,,,,,,,,,,,,NA,"Not applicable - A requirement does not apply, due to the structural, legal or institutional features of the country. ",,,,,,,,,,,,,,,,,,,,,,,,,,,,,,,,,,,,,,,,,,,,,,,,,,,,,,,,,,,,,,,,,,,,,,,,,,,,,,,,,,,,,,,,,,,,,,,,,,,,,,,,,,,,,,,,,,,,,,,,,,,,,,,,,,,,,,,,,,,,,,,,,,,,,,,,,,,,,,,,,,,,,,,,,,,,,,,,,,,,,,,,,,,,,,,,,,,,,,,,,,,,,,,,,,,,,,,,,,,,,,,,,,,,,,,,,,,,,
,,,,,,,,,,,,,,,,,,,,,,,,,,,,,,,,,,,,,,,,,,,,,,,,,,,,,,,,,,,,,,,,,,,,,,,,,,,,,,,,,,,,,,,,,,,,,,,,,,,,,,,,,,,,,,,,,,,,,,,,,,,,,,,,,,,,,,,,,,,,,,,,,,,,,,,,,,,,,,,,,,,,,,,,,,,,,,,,,,,,,,,,,,,,,,,,,,,,,,,,,,,,,,,,,,,,,,,,,,,,,,,,,,,,,,,,,,,,,,,,,,,,,,,,,,,,,,
,,,,,,,,,,,,,,,,,,,,,,,,,,,,,,,,,,,,,,,,,,,,,,,,,,,,,,,,,,,,,,,,,,,,,,,,,,,,,,,,,,,,,,,,,,,,,,,,,,,,,,,,,,,,,,,,,,,,,,,,,,,,,,,,,,,,,,,,,,,,,,,,,,,,,,,,,,,,,,,,,,,,,,,,,,,,,,,,,,,,,,,,,,,,,,,,,,,,,,,,,,,,,,,,,,,,,,,,,,,,,,,,,,,,,,,,,,,,,,,,,,,,,,,,,,,,,,
,,,,,,,,,,,,,,,,,,,,,,,,,,,,,,,,,,,,,,,,,,,,,,,,,,,,,,,,,,,,,,,,,,,,,,,,,,,,,,,,,,,,,,,,,,,,,,,,,,,,,,,,,,,,,,,,,,,,,,,,,,,,,,,,,,,,,,,,,,,,,,,,,,,,,,,,,,,,,,,,,,,,,,,,,,,,,,,,,,,,,,,,,,,,,,,,,,,,,,,,,,,,,,,,,,,,,,,,,,,,,,,,,,,,,,,,,,,,,,,,,,,,,,,,,,,,,,
,,,,,,,,,,,,,,,,,,,,,,,,,,,,,,,,,,,,,,,,,,,,,,,,,,,,,,,,,,,,,,,,,,,,,,,,,,,,,,,,,,,,,,,,,,,,,,,,,,,,,,,,,,,,,,,,,,,,,,,,,,,,,,,,,,,,,,,,,,,,,,,,,,,,,,,,,,,,,,,,,,,,,,,,,,,,,,,,,,,,,,,,,,,,,,,,,,,,,,,,,,,,,,,,,,,,,,,,,,,,,,,,,,,,,,,,,,,,,,,,,,,,,,,,,,,,,,
,,,,,,,,,,,,,,,,,,,,,,,,,,,,,,,,,,,,,,,,,,,,,,,,,,,,,,,,,,,,,,,,,,,,,,,,,,,,,,,,,,,,,,,,,,,,,,,,,,,,,,,,,,,,,,,,,,,,,,,,,,,,,,,,,,,,,,,,,,,,,,,,,,,,,,,,,,,,,,,,,,,,,,,,,,,,,,,,,,,,,,,,,,,,,,,,,,,,,,,,,,,,,,,,,,,,,,,,,,,,,,,,,,,,,,,,,,,,,,,,,,,,,,,,,,,,,,